issue_index,,
1,1,TRUE
25,25,TRUE
49,49,TRUE
73,73,TRUE
97,97,TRUE
121,121,TRUE
145,145,TRUE
169,169,TRUE
193,193,TRUE
217,217,TRUE
241,241,TRUE
265,265,TRUE
289,289,TRUE
313,313,TRUE
337,337,TRUE
361,361,TRUE
385,385,TRUE
409,409,TRUE
433,433,TRUE
457,457,TRUE
481,481,TRUE
505,505,TRUE
529,529,TRUE
553,553,TRUE
577,577,TRUE
601,601,TRUE
625,625,TRUE
649,649,TRUE
673,673,TRUE
697,697,TRUE
721,721,TRUE
745,745,TRUE
769,769,TRUE
793,793,TRUE
817,817,TRUE
841,841,TRUE
865,865,TRUE
889,889,TRUE
913,913,TRUE
937,937,TRUE
961,961,TRUE
985,985,TRUE
1009,1009,TRUE
1033,1033,TRUE
1057,1057,TRUE
1081,1081,TRUE
1105,1105,TRUE
1129,1129,TRUE
1153,1153,TRUE
1177,1177,TRUE
1201,1201,TRUE
1225,1225,TRUE
1249,1249,TRUE
1273,1273,TRUE
1297,1297,TRUE
1321,1321,TRUE
1345,1345,TRUE
1369,1369,TRUE
1393,1393,TRUE
1417,1417,TRUE
1441,1441,TRUE
1465,1465,TRUE
1489,1489,TRUE
1513,1513,TRUE
1537,1537,TRUE
1561,1561,TRUE
1585,1585,TRUE
1609,1609,TRUE
1633,1633,TRUE
1657,1657,TRUE
1681,1681,TRUE
1705,1705,TRUE
1729,1729,TRUE
1753,1753,TRUE
1777,1777,TRUE
1801,1801,TRUE
1825,1825,TRUE
1849,1849,TRUE
1873,1873,TRUE
1897,1897,TRUE
1921,1921,TRUE
1945,1945,TRUE
1969,1969,TRUE
1993,1993,TRUE
2017,2017,TRUE
2041,2041,TRUE
2065,2065,TRUE
2089,2089,TRUE
2113,2113,TRUE
2137,2137,TRUE
2161,2161,TRUE
2185,2185,TRUE
2209,2209,TRUE
2233,2233,TRUE
2257,2257,TRUE
2281,2281,TRUE
2305,2305,TRUE
2329,2329,TRUE
2353,2353,TRUE
2377,2377,TRUE
2401,2401,TRUE
2425,2425,TRUE
2449,2449,TRUE
2473,2473,TRUE
2497,2497,TRUE
2521,2521,TRUE
2545,2545,TRUE
2569,2569,TRUE
2593,2593,TRUE
2617,2617,TRUE
2641,2641,TRUE
2665,2665,TRUE
2689,2689,TRUE
2713,2713,TRUE
2737,2737,TRUE
2761,2761,TRUE
2785,2785,TRUE
2809,2809,TRUE
2833,2833,TRUE
2857,2857,TRUE
2881,2881,TRUE
2905,2905,TRUE
2929,2929,TRUE
2953,2953,TRUE
2977,2977,TRUE
3001,3001,TRUE
3025,3025,TRUE
3049,3049,TRUE
3073,3073,TRUE
3097,3097,TRUE
3121,3121,TRUE
3145,3145,TRUE
3169,3169,TRUE
3193,3193,TRUE
3217,3217,TRUE
3241,3241,TRUE
3265,3265,TRUE
3289,3289,TRUE
3313,3313,TRUE
3337,3337,TRUE
3361,3361,TRUE
3385,3385,TRUE
3409,3409,TRUE
3433,3433,TRUE
3457,3457,TRUE
3481,3481,TRUE
3505,3505,TRUE
3529,3529,TRUE
3553,3553,TRUE
3577,3577,TRUE
3601,3601,TRUE
3625,3625,TRUE
3649,3649,TRUE
3673,3673,TRUE
3697,3697,TRUE
3721,3721,TRUE
3745,3745,TRUE
3769,3769,TRUE
3793,3793,TRUE
3817,3817,TRUE
3841,3841,TRUE
3865,3865,TRUE
3889,3889,TRUE
3913,3913,TRUE
3937,3937,TRUE
3961,3961,TRUE
3985,3985,TRUE
4009,4009,TRUE
4033,4033,TRUE
4057,4057,TRUE
4081,4081,TRUE
4105,4105,TRUE
4129,4129,TRUE
4153,4153,TRUE
4177,4177,TRUE
4201,4201,TRUE
4225,4225,TRUE
4249,4249,TRUE
4273,4273,TRUE
4297,4297,TRUE
4321,4321,TRUE
4345,4345,TRUE
4369,4369,TRUE
4393,4393,TRUE
4417,4417,TRUE
4441,4441,TRUE
4465,4465,TRUE
4489,4489,TRUE
4513,4513,TRUE
4537,4537,TRUE
4561,4561,TRUE
4585,4585,TRUE
4609,4609,TRUE
4633,4633,TRUE
4657,4657,TRUE
4681,4681,TRUE
4705,4705,TRUE
4729,4729,TRUE
4753,4753,TRUE
4777,4777,TRUE
4801,4801,TRUE
4825,4825,TRUE
4849,4849,TRUE
4873,4873,TRUE
4897,4897,TRUE
4921,4921,TRUE
4945,4945,TRUE
4969,4969,TRUE
4993,4993,TRUE
5017,5017,TRUE
5041,5041,TRUE
5065,5065,TRUE
5089,5089,TRUE
5113,5113,TRUE
5137,5137,TRUE
5161,5161,TRUE
5185,5185,TRUE
5209,5209,TRUE
5233,5233,TRUE
5257,5257,TRUE
5281,5281,TRUE
5305,5305,TRUE
5329,5329,TRUE
5353,5353,TRUE
5377,5377,TRUE
5401,5401,TRUE
5425,5425,TRUE
5449,5449,TRUE
5473,5473,TRUE
5497,5497,TRUE
5521,5521,TRUE
5545,5545,TRUE
5569,5569,TRUE
5593,5593,TRUE
5617,5617,TRUE
5641,5641,TRUE
5665,5665,TRUE
5689,5689,TRUE
5713,5713,TRUE
5737,5737,TRUE
5761,5761,TRUE
5785,5785,TRUE
5809,5809,TRUE
5833,5833,TRUE
5857,5857,TRUE
5881,5881,TRUE
5905,5905,TRUE
5929,5929,TRUE
5953,5953,TRUE
5977,5977,TRUE
6001,6001,TRUE
6025,6025,TRUE
6049,6049,TRUE
6073,6073,TRUE
6097,6097,TRUE
6121,6121,TRUE
6145,6145,TRUE
6169,6169,TRUE
6193,6193,TRUE
6217,6217,TRUE
6241,6241,TRUE
6265,6265,TRUE
6289,6289,TRUE
6313,6313,TRUE
6337,6337,TRUE
6361,6361,TRUE
6385,6385,TRUE
6409,6409,TRUE
6433,6433,TRUE
6457,6457,TRUE
6481,6481,TRUE
6505,6505,TRUE
6529,6529,TRUE
6553,6553,TRUE
6577,6577,TRUE
6601,6601,TRUE
6625,6625,TRUE
6649,6649,TRUE
6673,6673,TRUE
6697,6697,TRUE
6721,6721,TRUE
6745,6745,TRUE
6769,6769,TRUE
6793,6793,TRUE
6817,6817,TRUE
6841,6841,TRUE
6865,6865,TRUE
6889,6889,TRUE
6913,6913,TRUE
6937,6937,TRUE
6961,6961,TRUE
6985,6985,TRUE
7009,7009,TRUE
7033,7033,TRUE
7057,7057,TRUE
7081,7081,TRUE
7105,7105,TRUE
7129,7129,TRUE
7153,7153,TRUE
7177,7177,TRUE
7201,7201,TRUE
7225,7225,TRUE
7249,7249,TRUE
7273,7273,TRUE
7297,7297,TRUE
7321,7321,TRUE
7345,7345,TRUE
7369,7369,TRUE
7393,7393,TRUE
7417,7417,TRUE
7441,7441,TRUE
7465,7465,TRUE
7489,7489,TRUE
7513,7513,TRUE
7537,7537,TRUE
7561,7561,TRUE
7585,7585,TRUE
7609,7609,TRUE
7633,7633,TRUE
7657,7657,TRUE
7681,7681,TRUE
7705,7705,TRUE
7729,7729,TRUE
7753,7753,TRUE
7777,7777,TRUE
7801,7801,TRUE
7825,7825,TRUE
7849,7849,TRUE
7873,7873,TRUE
7897,7897,TRUE
7921,7921,TRUE
7945,7945,TRUE
7969,7969,TRUE
7993,7993,TRUE
8017,8017,TRUE
8041,8041,TRUE
8065,8065,TRUE
8089,8089,TRUE
8113,8113,TRUE
8137,8137,TRUE
8161,8161,TRUE
8185,8185,TRUE
8209,8209,TRUE
8233,8233,TRUE
8257,8257,TRUE
8281,8281,TRUE
8305,8305,TRUE
8329,8329,TRUE
8353,8353,TRUE
8377,8377,TRUE
8401,8401,TRUE
8425,8425,TRUE
8449,8449,TRUE
8473,8473,TRUE
8497,8497,TRUE
8521,8521,TRUE
8545,8545,TRUE
8569,8569,TRUE
8593,8593,TRUE
