forecast_time,issue_time,p_1,p_2,p_3,p_4,p_5,p_6,p_7,p_8,p_9,p_10,p_11,p_12,p_13,p_14,p_15,p_16,p_17,p_18,p_19,p_20,p_21,p_22,p_23,p_24,p_25,p_26,p_27,p_28,p_29,p_30,p_31,p_32,p_33,p_34,p_35,p_36,p_37,p_38,p_39,p_40,p_41,p_42,p_43,p_44,p_45,p_46,p_47,p_48,p_49,p_50,p_51,p_52,p_53,p_54,p_55,p_56,p_57,p_58,p_59,p_60,p_61,p_62,p_63,p_64,p_65,p_66,p_67,p_68,p_69,p_70,p_71,p_72,p_73,p_74,p_75,p_76,p_77,p_78,p_79,p_80,p_81,p_82,p_83,p_84,p_85,p_86,p_87,p_88,p_89,p_90,p_91,p_92,p_93,p_94,p_95,p_96,p_97,p_98,p_99,ahead_factor,avg_actual
2018-08-29T14:00:00.0,2018-08-27T12:00:00.0,55892.52,57068.652,57814.87,58376.223,58832.84,59221.49,59562.26,59867.383,60144.875,60400.31,60637.71,60860.086,61069.754,61268.53,61457.875,61638.98,61812.824,61980.227,62141.887,62298.4,62450.266,62597.945,62741.816,62882.23,63019.49,63153.86,63285.594,63414.906,63541.996,63667.05,63790.23,63911.69,64031.574,64150.008,64267.113,64383.008,64497.797,64611.582,64724.457,64836.516,64947.84,65058.51,65168.617,65278.227,65387.418,65496.26,65604.83,65713.195,65821.42,65929.586,66037.74,66145.98,66254.336,66362.91,66471.75,66580.945,66690.555,66800.66,66911.33,67022.66,67134.71,67247.586,67361.375,67476.164,67592.055,67709.164,67827.59,67947.48,68068.94,68192.12,68317.17,68444.266,68573.58,68705.305,68839.68,68976.94,69117.35,69261.23,69408.9,69560.77,69717.28,69878.945,70046.34,70220.19,70401.29,70590.64,70789.414,70999.086,71221.46,71458.86,71714.3,71991.79,72296.91,72637.68,73026.33,73482.945,74044.3,74790.516,75966.65,two,65489.05
2018-08-29T14:00:00.0,2018-08-28T12:00:00.0,55509.36,56700.035,57455.477,58023.77,58486.03,58879.49,59224.473,59533.367,59814.293,60072.883,60313.22,60538.344,60750.6,60951.84,61143.527,61326.87,61502.863,61672.336,61835.996,61994.438,62148.188,62297.69,62443.344,62585.492,62724.445,62860.48,62993.84,63124.754,63253.414,63380.016,63504.72,63627.68,63749.043,63868.94,63987.496,64104.824,64221.035,64336.227,64450.496,64563.938,64676.64,64788.68,64900.145,65011.11,65121.652,65231.844,65341.754,65451.46,65561.02,65670.52,65780.02,65889.586,65999.29,66109.2,66219.4,66329.94,66440.9,66552.37,66664.41,66777.11,66890.55,67004.82,67120.016,67236.22,67353.55,67472.1,67592.0,67713.37,67836.33,67961.03,68087.63,68216.3,68347.2,68480.57,68616.6,68755.555,68897.7,69043.36,69192.86,69346.61,69505.055,69668.71,69838.19,70014.18,70197.52,70389.21,70590.445,70802.7,71027.83,71268.164,71526.76,71807.68,72116.57,72461.56,72855.016,73317.28,73885.57,74641.016,75831.69,one,65489.05
2018-08-29T15:00:00.0,2018-08-27T12:00:00.0,55246.95,56433.78,57186.79,57753.25,58214.02,58606.207,58950.08,59257.977,59537.996,59795.754,60035.312,60259.715,60471.29,60671.875,60862.94,61045.695,61221.12,61390.047,61553.18,61711.113,61864.363,62013.387,62158.566,62300.258,62438.766,62574.36,62707.29,62837.78,62966.027,63092.22,63216.52,63339.086,63460.06,63579.57,63697.742,63814.69,63930.527,64045.344,64159.246,64272.324,64384.66,64496.34,64607.445,64718.055,64828.24,64938.074,65047.633,65156.984,65266.195,65375.34,65484.484,65593.695,65703.05,65812.61,65922.44,66032.625,66143.234,66254.336,66366.016,66478.36,66591.43,66705.336,66820.16,66935.99,67052.94,67171.11,67290.625,67411.59,67534.16,67658.46,67784.65,67912.9,68043.39,68176.32,68311.914,68450.42,68592.11,68737.3,68886.31,69039.57,69197.5,69360.63,69529.56,69704.984,69887.734,70078.805,70279.39,70490.97,70715.37,70954.92,71212.69,71492.7,71800.6,72144.47,72536.664,72997.43,73563.89,74316.9,75503.734,two,64792.09
2018-08-29T15:00:00.0,2018-08-28T12:00:00.0,54716.32,55896.27,56644.91,57208.086,57666.184,58056.098,58397.973,58704.086,58982.48,59238.746,59476.914,59700.01,59910.36,60109.78,60299.742,60481.438,60655.844,60823.79,60985.977,61142.992,61295.355,61443.516,61587.855,61728.723,61866.426,62001.234,62133.395,62263.125,62390.633,62516.09,62639.67,62761.523,62881.797,63000.613,63118.1,63234.37,63349.535,63463.688,63576.93,63689.35,63801.035,63912.07,64022.53,64132.496,64242.043,64351.24,64460.164,64568.88,64677.457,64785.97,64894.48,65003.062,65111.777,65220.7,65329.9,65439.44,65549.41,65659.87,65770.91,65882.586,65995.01,66108.25,66222.41,66337.57,66453.836,66571.33,66690.14,66810.414,66932.266,67055.85,67181.305,67308.81,67438.55,67570.7,67705.516,67843.22,67984.086,68128.42,68276.586,68428.945,68585.96,68748.15,68916.09,69090.5,69272.195,69462.16,69661.58,69871.93,70095.02,70333.195,70589.46,70867.85,71173.96,71515.84,71905.76,72363.85,72927.03,73675.67,74855.62,one,64792.09
2018-08-29T16:00:00.0,2018-08-27T12:00:00.0,54049.074,55225.227,55971.46,56532.82,56989.445,57378.105,57718.883,58024.008,58301.508,58556.945,58794.35,59016.73,59226.402,59425.184,59614.53,59795.64,59969.484,60136.895,60298.555,60455.066,60606.94,60754.62,60898.496,61038.914,61176.17,61310.547,61442.28,61571.598,61698.69,61823.746,61946.93,62068.39,62188.277,62306.71,62423.82,62539.72,62654.51,62768.297,62881.176,62993.234,63104.56,63215.234,63325.34,63434.953,63544.145,63652.992,63761.562,63869.93,63978.16,64086.324,64194.484,64302.715,64411.082,64519.652,64628.5,64737.695,64847.305,64957.41,65068.086,65179.414,65291.473,65404.348,65518.137,65632.93,65748.83,65865.94,65984.37,66104.26,66225.72,66348.9,66473.95,66601.05,66730.36,66862.1,66996.48,67133.734,67274.15,67418.02,67565.7,67717.58,67874.09,68035.75,68203.16,68377.01,68558.12,68747.46,68946.24,69155.914,69378.3,69615.7,69871.14,70148.64,70453.766,70794.54,71183.2,71639.83,72201.19,72947.42,74123.57,two,62998.176
2018-08-29T16:00:00.0,2018-08-28T12:00:00.0,53423.72,54609.01,55361.043,55926.766,56386.938,56778.613,57122.04,57429.54,57709.19,57966.617,58205.863,58429.973,58641.273,58841.598,59032.418,59214.934,59390.133,59558.84,59721.758,59879.484,60032.54,60181.367,60326.363,60467.867,60606.195,60741.613,60874.37,61004.69,61132.773,61258.8,61382.938,61505.344,61626.16,61745.516,61863.535,61980.332,62096.016,62210.688,62324.44,62437.37,62549.562,62661.098,62772.06,62882.523,62992.566,63102.258,63211.67,63320.883,63429.953,63538.957,63647.957,63757.027,63866.24,63975.652,64085.344,64195.387,64305.85,64416.812,64528.348,64640.54,64753.47,64867.223,64981.895,65097.58,65214.375,65332.395,65451.75,65572.56,65694.97,65819.11,65945.14,66073.22,66203.54,66336.3,66471.72,66610.04,66751.55,66896.55,67045.37,67198.42,67356.16,67519.07,67687.78,67862.98,68045.49,68236.31,68436.64,68647.94,68872.05,69111.3,69368.72,69648.375,69955.87,70299.3,70690.98,71151.15,71716.87,72468.9,73654.195,one,62998.176
2018-08-29T17:00:00.0,2018-08-27T12:00:00.0,52473.227,53656.13,54406.645,54971.227,55430.473,55821.36,56164.094,56470.973,56750.062,57006.97,57245.734,57469.39,57680.266,57880.188,58070.625,58252.77,58427.613,58595.98,58758.57,58915.98,59068.727,59217.254,59361.957,59503.18,59641.227,59776.37,59908.863,60038.918,60166.742,60292.516,60416.406,60538.566,60659.137,60778.25,60896.035,61012.594,61128.047,61242.484,61356.01,61468.71,61580.676,61691.99,61802.727,61912.965,62022.785,62132.258,62241.453,62350.44,62459.293,62568.074,62676.86,62785.71,62894.7,63003.895,63113.363,63223.184,63333.426,63444.164,63555.473,63667.438,63780.14,63893.664,64008.105,64123.555,64240.117,64357.9,64477.016,64597.586,64719.746,64843.637,64969.41,65097.23,65227.29,65359.78,65494.926,65632.98,65774.195,65918.9,66067.42,66220.17,66377.58,66540.17,66708.54,66883.38,67065.53,67255.97,67455.88,67666.76,67890.414,68129.18,68386.086,68665.18,68972.055,69314.79,69705.68,70164.92,70729.51,71480.02,72662.92,two,61045.7
2018-08-29T17:00:00.0,2018-08-28T12:00:00.0,52085.293,53269.383,54020.65,54585.797,55045.5,55436.78,55779.86,56087.043,56366.414,56623.58,56862.582,57086.465,57297.547,57497.67,57688.297,57870.625,58045.645,58214.184,58376.934,58534.504,58687.402,58836.08,58980.926,59122.29,59260.473,59395.754,59528.38,59658.566,59786.516,59912.414,60036.43,60158.71,60279.402,60398.637,60516.54,60633.215,60748.78,60863.336,60976.977,61089.79,61201.867,61313.29,61424.137,61534.49,61644.418,61754.0,61863.305,61972.402,62081.363,62190.254,62299.145,62408.105,62517.203,62626.508,62736.09,62846.02,62956.37,63067.22,63178.64,63290.72,63403.53,63517.17,63631.727,63747.293,63863.973,63981.87,64101.105,64221.797,64344.082,64468.094,64593.992,64721.945,64852.133,64984.754,65120.035,65258.223,65399.586,65544.43,65693.11,65846.01,66003.57,66166.33,66334.87,66509.88,66692.21,66882.836,67082.96,67294.05,67517.93,67756.93,68014.09,68293.47,68600.65,68943.73,69335.01,69794.71,70359.86,71111.125,72295.21,one,61045.7
2018-08-29T18:00:00.0,2018-08-27T12:00:00.0,49825.1,51013.89,51768.14,52335.53,52797.06,53189.895,53534.332,53842.74,54123.22,54381.402,54621.355,54846.125,55058.047,55258.965,55450.348,55633.4,55809.113,55978.32,56141.72,56299.914,56453.418,56602.684,56748.105,56890.03,57028.76,57164.582,57297.73,57428.438,57556.895,57683.293,57807.8,57930.566,58051.74,58171.445,58289.816,58406.957,58522.98,58637.992,58752.082,58865.344,58977.863,59089.73,59201.02,59311.81,59422.17,59532.19,59641.93,59751.457,59860.85,59970.176,60079.5,60188.895,60298.42,60408.16,60518.18,60628.543,60739.332,60850.62,60962.49,61075.008,61188.27,61302.36,61417.37,61533.395,61650.535,61768.906,61888.613,62009.785,62132.55,62257.06,62383.457,62511.914,62642.62,62775.77,62911.59,63050.32,63192.246,63337.668,63486.934,63640.438,63798.633,63962.03,64131.24,64306.953,64490.004,64681.387,64882.305,65094.227,65318.996,65558.95,65817.13,66097.62,66406.016,66750.46,67143.29,67604.82,68172.21,68926.46,70115.25,two,59422.92
2018-08-29T18:00:00.0,2018-08-28T12:00:00.0,50182.176,51357.23,52102.766,52663.6,53119.797,53508.094,53848.55,54153.39,54430.633,54685.832,54923.016,55145.188,55354.66,55553.258,55742.43,55923.367,56097.05,56264.3,56425.812,56582.18,56733.91,56881.453,57025.195,57165.477,57302.61,57436.86,57568.47,57697.664,57824.64,57949.58,58072.645,58193.992,58313.766,58432.09,58549.09,58664.88,58779.562,58893.246,59006.016,59117.97,59229.19,59339.766,59449.766,59559.277,59668.367,59777.113,59885.582,59993.848,60101.977,60210.04,60318.098,60426.227,60534.492,60642.965,60751.707,60860.8,60970.31,61080.312,61190.883,61302.105,61414.06,61526.832,61640.51,61755.195,61870.984,61987.984,62106.31,62226.082,62347.43,62470.496,62595.438,62722.41,62851.605,62983.215,63117.465,63254.598,63394.883,63538.62,63686.164,63837.9,63994.26,64155.773,64323.023,64496.707,64677.645,64866.82,65065.414,65274.89,65497.062,65734.24,65989.445,66266.68,66571.52,66911.984,67300.28,67756.48,68317.31,69062.84,70237.9,one,59422.92
2018-08-29T19:00:00.0,2018-08-27T12:00:00.0,47299.832,48478.703,49226.66,49789.32,50246.996,50636.555,50978.12,51283.95,51562.09,51818.12,52056.074,52278.97,52489.12,52688.363,52878.15,53059.676,53233.926,53401.72,53563.754,53720.63,53872.85,54020.875,54165.082,54305.824,54443.4,54578.086,54710.125,54839.74,54967.125,55092.47,55215.938,55337.68,55457.84,55576.55,55693.93,55810.094,55925.152,56039.203,56152.34,56264.656,56376.242,56487.17,56597.53,56707.4,56816.844,56925.94,57034.766,57143.383,57251.863,57360.273,57468.688,57577.164,57685.78,57794.605,57903.703,58013.15,58123.016,58233.375,58344.305,58455.89,58568.207,58681.344,58795.395,58910.453,59026.617,59143.996,59262.707,59382.867,59504.61,59628.08,59753.42,59880.81,60010.42,60142.46,60277.15,60414.723,60555.465,60699.67,60847.695,60999.918,61156.793,61318.83,61486.62,61660.87,61842.4,62032.184,62231.426,62441.58,62664.473,62902.426,63158.457,63436.598,63742.426,64083.992,64473.55,64931.227,65493.887,66241.84,67420.72,two,55896.145
2018-08-29T19:00:00.0,2018-08-28T12:00:00.0,46556.234,47734.375,48481.863,49044.17,49501.566,49890.883,50232.234,50537.875,50815.844,51071.71,51309.516,51532.273,51742.297,51941.414,52131.082,52312.496,52486.637,52654.324,52816.26,52973.035,53125.168,53273.094,53417.215,53557.867,53695.36,53829.96,53961.918,54091.45,54218.758,54344.023,54467.414,54589.082,54709.168,54827.805,54945.11,55061.203,55176.188,55290.168,55403.234,55515.484,55626.996,55737.86,55848.15,55957.95,56067.324,56176.355,56285.11,56393.66,56502.074,56610.418,56718.76,56827.176,56935.723,57044.48,57153.51,57262.887,57372.684,57482.977,57593.84,57705.35,57817.598,57930.668,58044.645,58159.633,58275.723,58393.03,58511.668,58631.754,58753.42,58876.81,59002.08,59129.387,59258.918,59390.875,59525.477,59662.97,59803.62,59947.74,60095.668,60247.797,60404.574,60566.51,60734.2,60908.34,61089.75,61279.42,61478.54,61688.562,61911.316,62149.12,62404.992,62682.96,62988.6,63329.953,63719.266,64176.66,64738.97,65486.46,66664.6,one,55896.145
2018-08-29T20:00:00.0,2018-08-27T12:00:00.0,43247.72,44440.89,45197.92,45767.406,46230.637,46624.92,46970.63,47280.17,47561.688,47820.82,48061.66,48287.258,48499.965,48701.62,48893.71,49077.438,49253.8,49423.63,49587.633,49746.41,49900.48,50050.297,50196.258,50338.703,50477.95,50614.27,50747.91,50879.098,51008.027,51134.895,51259.86,51383.08,51504.7,51624.848,51743.652,51861.227,51977.68,52093.113,52207.62,52321.3,52434.24,52546.516,52658.215,52769.414,52880.188,52990.61,53100.75,53210.688,53320.484,53430.21,53539.938,53649.734,53759.668,53869.812,53980.234,54091.008,54202.203,54313.902,54426.18,54539.117,54652.797,54767.31,54882.742,54999.195,55116.77,55235.574,55355.723,55477.34,55600.562,55725.527,55852.39,55981.324,56112.51,56246.152,56382.473,56521.72,56664.164,56810.12,56959.94,57114.01,57272.79,57436.79,57606.62,57782.98,57966.71,58158.8,58360.457,58573.16,58798.758,59039.598,59298.734,59580.25,59889.79,60235.5,60629.78,61093.016,61662.5,62419.527,63612.703,two,51533.97
2018-08-29T20:00:00.0,2018-08-28T12:00:00.0,43524.164,44710.36,45462.965,46029.117,46489.64,46881.617,47225.305,47533.035,47812.906,48070.527,48309.957,48534.234,48745.695,48946.176,49137.14,49319.793,49495.125,49663.96,49827.004,49984.85,50138.023,50286.965,50432.07,50573.684,50712.113,50847.637,50980.496,51110.914,51239.094,51365.22,51489.453,51611.953,51732.86,51852.305,51970.414,52087.3,52203.074,52317.832,52431.67,52544.688,52656.965,52768.586,52879.633,52990.18,53100.305,53210.082,53319.58,53428.87,53538.027,53647.113,53756.2,53865.35,53974.645,54084.14,54193.918,54304.043,54414.594,54525.637,54637.258,54749.535,54862.55,54976.39,55091.15,55206.92,55323.81,55441.918,55561.363,55682.273,55804.773,55929.004,56055.13,56183.31,56313.727,56446.586,56582.11,56720.54,56862.156,57007.258,57156.2,57309.37,57467.22,57630.26,57799.098,57974.43,58157.082,58348.05,58548.527,58759.99,58984.266,59223.7,59481.316,59761.188,60068.918,60412.605,60804.582,61265.105,61831.26,62583.863,63770.06,one,51533.97
2018-08-29T21:00:00.0,2018-08-27T12:00:00.0,40250.195,41432.887,42183.27,42747.75,43206.914,43597.734,43940.406,44247.227,44526.27,44783.13,45021.85,45245.47,45456.305,45656.19,45846.594,46028.71,46203.523,46371.86,46534.42,46691.805,46844.523,46993.023,47137.7,47278.895,47416.918,47552.04,47684.508,47814.543,47942.344,48068.094,48191.96,48314.098,48434.65,48553.742,48671.504,48788.043,48903.473,49017.895,49131.4,49244.08,49356.023,49467.316,49578.035,49688.254,49798.055,49907.508,50016.684,50125.652,50234.484,50343.246,50452.01,50560.844,50669.812,50778.99,50888.44,50998.24,51108.46,51219.18,51330.47,51442.414,51555.098,51668.6,51783.02,51898.45,52014.992,52132.754,52251.848,52372.4,52494.535,52618.402,52744.152,52871.953,53001.99,53134.453,53269.58,53407.6,53548.797,53693.473,53841.973,53994.69,54152.074,54314.637,54482.973,54657.785,54839.9,55030.3,55230.188,55441.023,55664.64,55903.367,56160.223,56439.266,56746.09,57088.76,57479.582,57938.746,58503.227,59253.61,60436.3,two,47477.203
2018-08-29T21:00:00.0,2018-08-28T12:00:00.0,40447.39,41631.324,42382.492,42947.566,43407.21,43798.44,44141.473,44448.617,44727.953,44985.08,45224.055,45447.906,45658.96,45859.06,46049.66,46231.965,46406.96,46575.477,46738.207,46895.754,47048.633,47197.29,47342.117,47483.46,47621.63,47756.895,47889.5,48019.668,48147.605,48273.49,48397.484,48519.75,48640.426,48759.645,48877.527,48994.19,49109.742,49224.285,49337.906,49450.707,49562.77,49674.176,49785.01,49895.348,50005.26,50114.83,50224.12,50333.203,50442.15,50551.027,50659.902,50768.85,50877.934,50987.223,51096.79,51206.707,51317.043,51427.875,51539.285,51651.348,51764.145,51877.77,51992.31,52107.86,52224.523,52342.41,52461.63,52582.305,52704.57,52828.566,52954.45,53082.383,53212.555,53345.16,53480.426,53618.59,53759.938,53904.76,54053.42,54206.297,54363.844,54526.58,54695.09,54870.086,55052.395,55242.996,55443.09,55654.15,55878.0,56116.973,56374.1,56653.438,56960.582,57303.613,57694.844,58154.484,58719.56,59470.727,60654.66,one,47477.203
2018-08-29T22:00:00.0,2018-08-27T12:00:00.0,36892.855,38070.508,38817.695,39379.773,39836.98,40226.137,40567.348,40872.863,41150.72,41406.484,41644.19,41866.855,42076.793,42275.83,42465.418,42646.758,42820.824,42988.445,43150.316,43307.027,43459.094,43606.965,43751.023,43891.617,44029.055,44163.6,44295.504,44424.984,44552.24,44677.453,44800.793,44922.41,45042.45,45161.035,45278.293,45394.34,45509.277,45623.21,45736.23,45848.434,45959.902,46070.72,46180.965,46290.715,46400.05,46509.035,46617.746,46726.25,46834.617,46942.918,47051.22,47159.59,47268.094,47376.805,47485.79,47595.12,47704.875,47815.12,47925.938,48037.406,48149.605,48262.63,48376.56,48491.5,48607.543,48724.805,48843.39,48963.426,49085.043,49208.383,49333.598,49460.855,49590.336,49722.24,49856.785,49994.22,50134.816,50278.875,50426.742,50578.812,50735.523,50897.39,51065.01,51239.082,51420.418,51610.01,51809.047,52018.984,52241.65,52479.355,52735.12,53012.977,53318.492,53659.703,54048.86,54506.066,55068.145,55815.33,56992.984,two,44557.09
2018-08-29T22:00:00.0,2018-08-28T12:00:00.0,37093.906,38273.543,39021.984,39585.008,40042.99,40432.797,40774.582,41080.613,41358.934,41615.133,41853.24,42076.277,42286.57,42485.938,42675.848,42857.492,43031.855,43199.758,43361.9,43518.875,43671.2,43819.316,43963.617,44104.45,44242.117,44376.89,44509.016,44638.71,44766.184,44891.61,45015.156,45136.977,45257.215,45376.004,45493.46,45609.7,45724.832,45838.957,45952.168,46064.56,46176.215,46287.22,46397.65,46507.586,46617.1,46726.273,46835.164,46943.85,47052.402,47160.887,47269.367,47377.918,47486.61,47595.5,47704.67,47814.188,47924.125,48034.555,48145.56,48257.215,48369.605,48482.816,48596.94,48712.074,48828.312,48945.77,49064.555,49184.797,49306.617,49430.164,49555.59,49683.062,49812.758,49944.883,50079.656,50217.324,50358.156,50502.457,50650.574,50802.9,50959.875,51122.016,51289.918,51464.28,51645.92,51835.836,52035.203,52245.496,52468.535,52706.64,52962.836,53241.16,53547.188,53888.977,54278.785,54736.76,55299.79,56048.23,57227.867,one,44557.09
2018-08-29T23:00:00.0,2018-08-27T12:00:00.0,34712.76,35892.73,36641.38,37204.562,37662.664,38052.582,38394.465,38700.582,38978.98,39235.246,39473.418,39696.52,39906.87,40106.297,40296.258,40477.953,40652.363,40820.312,40982.5,41139.52,41291.887,41440.043,41584.387,41725.258,41862.96,41997.773,42129.934,42259.668,42387.17,42512.633,42636.215,42758.07,42878.344,42997.164,43114.652,43230.926,43346.09,43460.246,43573.49,43685.91,43797.598,43908.633,44019.094,44129.062,44238.61,44347.81,44456.73,44565.45,44674.03,44782.543,44891.055,44999.637,45108.355,45217.277,45326.477,45436.023,45545.992,45656.453,45767.49,45879.176,45991.598,46104.84,46218.996,46334.16,46450.434,46567.92,46686.742,46807.016,46928.87,47052.453,47177.914,47305.418,47435.152,47567.312,47702.125,47839.83,47980.7,48125.043,48273.2,48425.566,48582.586,48744.773,48912.723,49087.133,49268.83,49458.79,49658.215,49868.566,50091.668,50329.84,50586.105,50864.504,51170.62,51512.504,51902.42,52360.523,52923.707,53672.355,54852.324,two,42454.51
2018-08-29T23:00:00.0,2018-08-28T12:00:00.0,33948.668,35135.44,35888.41,36454.84,36915.586,37307.754,37651.61,37959.492,38239.496,38497.242,38736.79,38961.176,39172.74,39373.316,39564.375,39747.117,39922.535,40091.453,40254.574,40412.5,40565.746,40714.758,40859.934,41001.617,41140.117,41275.703,41408.63,41539.113,41667.35,41793.54,41917.832,42040.39,42161.36,42280.863,42399.03,42515.973,42631.8,42746.617,42860.51,42973.582,43085.914,43197.59,43308.688,43419.29,43529.47,43639.3,43748.85,43858.195,43967.402,44076.543,44185.68,44294.89,44404.234,44513.785,44623.617,44733.793,44844.4,44955.496,45067.17,45179.504,45292.574,45406.47,45521.285,45637.113,45754.055,45872.223,45991.727,46112.695,46235.254,46359.547,46485.73,46613.973,46744.457,46877.38,47012.97,47151.47,47293.152,47438.324,47587.34,47740.586,47898.508,48061.633,48230.55,48405.965,48588.71,48779.77,48980.344,49191.91,49416.297,49655.844,49913.59,50193.594,50501.477,50845.332,51237.5,51698.246,52264.676,53017.645,54204.418,one,42454.51
2018-08-30T00:00:00.0,2018-08-28T12:00:00.0,32455.496,33635.074,34383.477,34946.473,35404.426,35794.215,36135.984,36442.0,36720.305,36976.49,37214.582,37437.61,37647.89,37847.25,38037.152,38218.79,38393.14,38561.035,38723.168,38880.137,39032.45,39180.56,39324.855,39465.68,39603.34,39738.105,39870.223,39999.914,40127.38,40252.797,40376.34,40498.156,40618.387,40737.168,40854.617,40970.85,41085.977,41200.098,41313.3,41425.688,41537.336,41648.336,41758.76,41868.69,41978.203,42087.367,42196.254,42304.938,42413.48,42521.957,42630.438,42738.98,42847.664,42956.55,43065.715,43175.227,43285.156,43395.582,43506.582,43618.23,43730.613,43843.82,43957.938,44073.066,44189.3,44306.75,44425.53,44545.76,44667.58,44791.12,44916.54,45044.004,45173.695,45305.812,45440.58,45578.24,45719.062,45863.355,46011.465,46163.78,46320.75,46482.883,46650.777,46825.13,47006.766,47196.664,47396.023,47606.305,47829.332,48067.43,48323.61,48601.918,48907.934,49249.703,49639.492,50097.445,50660.44,51408.844,52588.42,two,40902.516
2018-08-30T00:00:00.0,2018-08-29T12:00:00.0,31149.795,32308.828,33044.2,33597.39,34047.367,34430.367,34766.188,35066.87,35340.332,35592.05,35826.0,36045.145,36251.76,36447.65,36634.242,36812.715,36984.03,37149.0,37308.31,37462.543,37612.207,37757.74,37899.52,38037.89,38173.152,38305.57,38435.39,38562.82,38688.066,38811.3,38932.69,39052.383,39170.523,39287.234,39402.64,39516.85,39629.973,39742.1,39853.336,39963.76,40073.47,40182.535,40291.035,40399.055,40506.656,40613.918,40720.91,40827.7,40934.355,41040.94,41147.53,41254.184,41360.973,41467.965,41575.23,41682.832,41790.848,41899.35,42008.418,42118.12,42228.55,42339.785,42451.914,42565.035,42679.246,42794.65,42911.363,43029.5,43149.195,43270.586,43393.82,43519.062,43646.496,43776.312,43908.734,44043.996,44182.367,44324.15,44469.68,44619.34,44773.574,44932.887,45097.855,45269.17,45447.64,45634.234,45830.125,46036.742,46255.887,46489.832,46741.555,47015.016,47315.7,47651.516,48034.52,48484.496,49037.688,49773.06,50932.09,one,40902.516
2018-08-30T01:00:00.0,2018-08-28T12:00:00.0,31426.262,32616.14,33371.082,33938.992,34400.945,34794.14,35138.895,35447.582,35728.32,35986.74,36226.914,36451.887,36664.004,36865.105,37056.664,37239.887,37415.76,37585.12,37748.67,37907.008,38060.656,38210.06,38355.613,38497.668,38636.527,38772.473,38905.746,39036.566,39165.145,39291.66,39416.28,39539.16,39660.44,39780.26,39898.734,40015.984,40132.117,40247.23,40361.426,40474.793,40587.418,40699.383,40810.773,40921.664,41032.133,41142.25,41252.09,41361.72,41471.215,41580.637,41690.062,41799.555,41909.188,42019.027,42129.14,42239.61,42350.5,42461.89,42573.86,42686.484,42799.848,42914.043,43029.16,43145.29,43262.54,43381.016,43500.832,43622.117,43744.996,43869.617,43996.13,44124.707,44255.53,44388.805,44524.746,44663.61,44805.664,44951.22,45100.62,45254.266,45412.605,45576.152,45745.516,45921.39,46104.61,46296.17,46497.27,46709.387,46934.363,47174.54,47432.957,47713.695,48022.383,48367.137,48760.33,49222.28,49790.195,50545.133,51735.01,two,40006.0
2018-08-30T01:00:00.0,2018-08-29T12:00:00.0,30444.041,31596.957,32328.443,32878.715,33326.316,33707.297,34041.34,34340.438,34612.453,34862.844,35095.56,35313.543,35519.074,35713.926,35899.535,36077.062,36247.477,36411.574,36570.043,36723.46,36872.336,37017.098,37158.133,37295.773,37430.32,37562.04,37691.17,37817.93,37942.516,38065.098,38185.848,38304.91,38422.426,38538.52,38653.316,38766.92,38879.445,38990.984,39101.633,39211.477,39320.6,39429.094,39537.023,39644.47,39751.504,39858.2,39964.63,40070.85,40176.945,40282.97,40388.996,40495.086,40601.312,40707.74,40814.434,40921.47,41028.918,41136.848,41245.336,41354.46,41464.305,41574.953,41686.492,41799.016,41912.62,42027.418,42143.516,42261.027,42380.09,42500.84,42623.426,42748.008,42874.766,43003.9,43135.62,43270.168,43407.81,43548.84,43693.6,43842.477,43995.895,44154.363,44318.465,44488.875,44666.402,44852.01,45046.867,45252.395,45470.38,45703.094,45953.484,46225.5,46524.598,46858.645,47239.62,47687.227,48237.496,48968.98,50121.9,one,40006.0
2018-08-30T02:00:00.0,2018-08-28T12:00:00.0,30866.129,32051.18,32803.055,33368.664,33828.742,34220.34,34563.695,34871.13,35150.727,35408.098,35647.3,35871.36,36082.617,36282.902,36473.684,36656.16,36831.324,36999.996,37162.883,37320.58,37473.6,37622.4,37767.363,37908.84,38047.137,38182.527,38315.258,38445.55,38573.61,38699.61,38823.723,38946.105,39066.895,39186.227,39304.223,39420.996,39536.656,39651.305,39765.035,39877.94,39990.11,40101.62,40212.56,40323.0,40433.02,40542.69,40652.082,40761.27,40870.32,40979.297,41088.277,41197.33,41306.516,41415.906,41525.58,41635.598,41746.04,41856.977,41968.49,42080.656,42193.562,42307.293,42421.94,42537.6,42654.375,42772.37,42891.703,43012.492,43134.875,43258.99,43384.99,43513.043,43643.336,43776.07,43911.46,44049.758,44191.234,44336.2,44484.996,44638.02,44795.715,44958.6,45127.273,45302.438,45484.914,45675.695,45875.98,46087.24,46311.297,46550.5,46807.87,47087.47,47394.902,47738.258,48129.855,48589.934,49155.543,49907.418,51092.47,two,40266.113
2018-08-30T02:00:00.0,2018-08-29T12:00:00.0,30412.775,31554.885,32279.516,32824.63,33268.035,33645.44,33976.355,34272.65,34542.117,34790.16,35020.695,35236.637,35440.24,35633.266,35817.133,35993.0,36161.812,36324.375,36481.36,36633.34,36780.816,36924.223,37063.934,37200.285,37333.57,37464.055,37591.977,37717.55,37840.965,37962.402,38082.016,38199.965,38316.38,38431.387,38545.105,38657.65,38769.117,38879.61,38989.22,39098.035,39206.137,39313.61,39420.527,39526.97,39633.0,39738.695,39844.125,39949.355,40054.453,40159.484,40264.516,40369.613,40474.84,40580.27,40685.97,40792.0,40898.438,41005.355,41112.83,41220.934,41329.746,41439.355,41549.85,41661.32,41773.863,41887.582,42002.59,42119.004,42236.95,42356.566,42478.0,42601.418,42726.99,42854.91,42985.395,43118.68,43255.03,43394.742,43538.15,43685.625,43837.61,43994.59,44157.152,44325.97,44501.832,44685.7,44878.727,45082.33,45298.273,45528.805,45776.848,46046.316,46342.61,46673.523,47050.934,47494.34,48039.45,48764.082,49906.19,one,40266.113
2018-08-30T03:00:00.0,2018-08-28T12:00:00.0,31967.701,33150.676,33901.234,34465.85,34925.12,35316.035,35658.79,35965.684,36244.793,36501.715,36740.492,36964.164,37175.05,37374.984,37565.434,37747.59,37922.445,38090.82,38253.42,38410.84,38563.598,38712.133,38856.844,38998.074,39136.13,39271.28,39403.78,39533.844,39661.676,39787.457,39911.355,40033.52,40154.098,40273.223,40391.01,40507.582,40623.04,40737.484,40851.016,40963.723,41075.695,41187.01,41297.758,41408.004,41517.832,41627.31,41736.51,41845.504,41954.363,42063.152,42171.94,42280.8,42389.797,42498.996,42608.477,42718.3,42828.55,42939.293,43050.61,43162.582,43275.29,43388.82,43503.27,43618.727,43735.297,43853.082,43972.207,44092.785,44214.953,44338.848,44464.63,44592.46,44722.523,44855.023,44990.18,45128.234,45269.465,45414.17,45562.71,45715.465,45872.883,46035.484,46203.863,46378.715,46560.875,46751.324,46951.258,47162.14,47385.812,47624.594,47881.51,48160.62,48467.516,48810.27,49201.184,49660.457,50225.07,50975.633,52158.605,two,42263.348
2018-08-30T03:00:00.0,2018-08-29T12:00:00.0,32108.4,33261.434,33992.996,34543.324,34990.973,35371.99,35706.07,36005.195,36277.242,36527.66,36760.395,36978.406,37183.953,37378.83,37564.457,37742.004,37912.43,38076.547,38235.03,38388.47,38537.355,38682.133,38823.18,38960.836,39095.4,39227.133,39356.277,39483.05,39607.645,39730.242,39851.004,39970.08,40087.605,40203.71,40318.52,40432.14,40544.676,40656.223,40766.883,40876.74,40985.875,41094.375,41202.316,41309.773,41416.82,41523.527,41629.965,41736.203,41842.305,41948.34,42054.38,42160.48,42266.715,42373.152,42479.86,42586.906,42694.367,42802.305,42910.81,43019.945,43129.8,43240.457,43352.008,43464.543,43578.164,43692.97,43809.08,43926.605,44045.68,44166.44,44289.04,44413.633,44540.406,44669.55,44801.285,44935.848,45073.5,45214.55,45359.33,45508.215,45661.65,45820.137,45984.25,46154.68,46332.227,46517.855,46712.73,46918.277,47136.285,47369.023,47619.44,47891.484,48190.613,48524.69,48905.71,49353.36,49903.688,50635.25,51788.28,one,42263.348
2018-08-30T04:00:00.0,2018-08-28T12:00:00.0,32962.445,34138.637,34884.895,35446.27,35902.91,36291.582,36632.367,36937.504,37215.01,37470.46,37707.87,37930.258,38139.934,38338.723,38528.08,38709.19,38883.043,39050.453,39212.12,39368.64,39520.516,39668.203,39812.082,39952.504,40089.766,40224.145,40355.883,40485.203,40612.3,40737.36,40860.547,40982.01,41101.9,41220.34,41337.453,41453.35,41568.15,41681.938,41794.82,41906.883,42018.21,42128.89,42239.0,42348.613,42457.812,42566.66,42675.24,42783.605,42891.84,43000.004,43108.17,43216.406,43324.773,43433.35,43542.2,43651.4,43761.01,43871.12,43981.8,44093.13,44205.19,44318.07,44431.863,44546.656,44662.56,44779.67,44898.11,45018.0,45139.465,45262.652,45387.71,45514.81,45644.125,45775.867,45910.246,46047.508,46187.93,46331.81,46479.492,46631.37,46787.89,46949.56,47116.97,47290.82,47471.934,47661.29,47860.08,48069.754,48292.14,48529.55,48785.0,49062.508,49367.64,49708.43,50097.1,50553.74,51115.117,51861.375,53037.562,two,44470.902
2018-08-30T04:00:00.0,2018-08-29T12:00:00.0,32647.95,33828.484,34577.492,35140.945,35599.27,35989.375,36331.42,36637.684,36916.22,37172.61,37410.895,37634.105,37844.555,38044.08,38234.133,38415.914,38590.406,38758.438,38920.703,39077.797,39230.24,39378.465,39522.88,39663.816,39801.586,39936.46,40068.688,40198.484,40326.05,40451.574,40575.215,40697.13,40817.457,40936.336,41053.883,41170.21,41285.43,41399.64,41512.938,41625.414,41737.152,41848.242,41958.758,42068.777,42178.375,42287.63,42396.605,42505.375,42614.008,42722.574,42831.137,42939.773,43048.543,43157.52,43266.77,43376.37,43486.39,43596.906,43707.992,43819.734,43932.21,44045.508,44159.72,44274.938,44391.266,44508.812,44627.688,44748.02,44869.934,44993.574,45119.094,45246.664,45376.457,45508.684,45643.56,45781.332,45922.27,46066.68,46214.91,46367.35,46524.445,46686.71,46854.74,47029.234,47211.016,47401.07,47600.594,47811.043,48034.25,48272.54,48528.93,48807.46,49113.723,49455.77,49845.88,50304.203,50867.652,51616.664,52797.2,one,44470.902
2018-08-30T05:00:00.0,2018-08-28T12:00:00.0,34671.96,35864.992,36621.93,37191.344,37654.52,38048.754,38394.42,38703.926,38985.406,39244.51,39485.32,39710.89,39923.57,40125.203,40317.27,40500.977,40677.316,40847.125,41011.11,41169.867,41323.918,41473.72,41619.656,41762.086,41901.316,42037.62,42171.246,42302.414,42431.332,42558.184,42683.133,42806.336,42927.94,43048.074,43166.867,43284.426,43400.863,43516.285,43630.78,43744.445,43857.37,43969.633,44081.32,44192.504,44303.26,44413.67,44523.8,44633.723,44743.504,44853.22,44962.934,45072.72,45182.637,45292.77,45403.176,45513.938,45625.12,45736.805,45849.07,45961.992,46075.66,46190.156,46305.574,46422.016,46539.574,46658.363,46778.5,46900.1,47023.31,47148.258,47275.105,47404.023,47535.195,47668.82,47805.125,47944.35,48086.78,48232.723,48382.52,48536.574,48695.332,48859.312,49029.12,49205.465,49389.168,49581.234,49782.867,49995.547,50221.117,50461.93,50721.03,51002.51,51312.016,51657.684,52051.918,52515.094,53084.51,53841.45,55034.477,two,44769.74
2018-08-30T05:00:00.0,2018-08-29T12:00:00.0,35085.074,36231.914,36959.547,37506.918,37952.16,38331.133,38663.418,38960.938,39231.523,39480.594,39712.082,39928.918,40133.363,40327.19,40511.82,40688.414,40857.926,41021.16,41178.793,41331.406,41479.496,41623.492,41763.785,41900.7,42034.54,42165.562,42294.016,42420.105,42544.035,42665.973,42786.086,42904.52,43021.414,43136.9,43251.09,43364.098,43476.027,43586.98,43697.043,43806.31,43914.86,44022.777,44130.14,44237.02,44343.492,44449.625,44555.492,44661.156,44766.688,44872.156,44977.62,45083.152,45188.82,45294.684,45400.82,45507.293,45614.17,45721.53,45829.45,45938.0,46047.266,46157.332,46268.28,46380.21,46493.22,46607.41,46722.895,46839.79,46958.227,47078.34,47200.277,47324.203,47450.293,47578.746,47709.773,47843.61,47980.527,48120.816,48264.816,48412.902,48565.516,48723.15,48886.383,49055.895,49232.49,49417.12,49610.945,49815.39,50032.23,50263.715,50512.79,50783.37,51080.89,51413.176,51792.15,52237.39,52784.76,53512.395,54659.234,one,44769.74
2018-08-30T06:00:00.0,2018-08-28T12:00:00.0,37359.656,38546.83,39300.05,39866.668,40327.57,40719.87,41063.844,41371.824,41651.926,41909.758,42149.387,42373.848,42585.484,42786.125,42977.25,43160.055,43335.53,43504.504,43667.684,43825.66,43978.957,44128.02,44273.246,44414.977,44553.52,44689.156,44822.125,44952.65,45080.934,45207.16,45331.496,45454.098,45575.105,45694.65,45812.855,45929.84,46045.707,46160.56,46274.496,46387.6,46499.973,46611.684,46722.82,46833.46,46943.676,47053.543,47163.133,47272.516,47381.758,47490.934,47600.11,47709.35,47818.734,47928.324,48038.19,48148.406,48259.047,48370.184,48481.895,48594.26,48707.37,48821.305,48936.16,49052.027,49169.008,49287.215,49406.76,49527.77,49650.367,49774.707,49900.934,50029.215,50159.742,50292.71,50428.348,50566.89,50708.62,50853.848,51002.91,51156.207,51314.184,51477.363,51646.336,51821.812,52004.617,52195.74,52396.383,52608.02,52832.48,53072.11,53329.94,53610.04,53918.023,54261.996,54654.293,55115.195,55681.816,56435.04,57622.21,two,47249.113
2018-08-30T06:00:00.0,2018-08-29T12:00:00.0,37128.105,38256.27,38972.055,39510.516,39948.508,40321.31,40648.184,40940.86,41207.04,41452.055,41679.773,41893.08,42094.195,42284.867,42466.492,42640.21,42806.96,42967.54,43122.605,43272.734,43418.41,43560.066,43698.07,43832.758,43964.418,44093.31,44219.668,44343.707,44465.617,44585.57,44703.727,44820.234,44935.227,45048.83,45161.16,45272.33,45382.438,45491.582,45599.85,45707.34,45814.125,45920.285,46025.9,46131.035,46235.773,46340.18,46444.324,46548.27,46652.082,46755.832,46859.582,46963.395,47067.34,47171.484,47275.89,47380.625,47485.766,47591.38,47697.54,47804.324,47911.81,48020.082,48129.227,48239.336,48350.504,48462.836,48576.438,48691.43,48807.938,48926.094,49046.047,49167.957,49291.996,49418.355,49547.246,49678.906,49813.594,49951.598,50093.254,50238.93,50389.06,50544.125,50704.7,50871.453,51045.17,51226.797,51417.47,51618.586,51831.89,52059.61,52304.625,52570.805,52863.48,53190.355,53563.156,54001.15,54539.605,55255.395,56383.56,one,47249.113
2018-08-30T07:00:00.0,2018-08-28T12:00:00.0,44146.402,45332.47,46084.99,46651.08,47111.55,47503.484,47847.137,48154.832,48434.67,48692.26,48931.668,49155.92,49367.36,49567.812,49758.758,49941.395,50116.703,50285.523,50448.547,50606.38,50759.53,50908.457,51053.543,51195.145,51333.56,51469.066,51601.91,51732.316,51860.48,51986.59,52110.812,52233.297,52354.19,52473.625,52591.723,52708.594,52824.355,52939.1,53052.93,53165.93,53278.195,53389.805,53500.836,53611.37,53721.484,53831.25,53940.74,54050.016,54159.16,54268.23,54377.305,54486.45,54595.727,54705.215,54814.98,54925.094,55035.63,55146.66,55258.27,55370.535,55483.535,55597.363,55712.11,55827.87,55944.742,56062.84,56182.273,56303.168,56425.652,56549.875,56675.984,56804.15,56934.555,57067.4,57202.906,57341.32,57482.92,57628.008,57776.934,57930.086,58087.918,58250.94,58419.76,58595.07,58777.707,58968.652,59169.105,59380.543,59604.797,59844.203,60101.793,60381.633,60689.33,61032.98,61424.914,61885.387,62451.477,63203.996,64390.062,two,50787.69
2018-08-30T07:00:00.0,2018-08-29T12:00:00.0,44760.633,45683.344,46268.773,46709.168,47067.4,47372.305,47639.652,47879.027,48096.73,48297.125,48483.37,48657.832,48822.32,48978.27,49126.816,49268.9,49405.28,49536.613,49663.44,49786.227,49905.375,50021.23,50134.105,50244.26,50351.945,50457.363,50560.71,50662.16,50761.867,50859.977,50956.613,51051.902,51145.953,51238.867,51330.742,51421.664,51511.723,51600.99,51689.543,51777.453,51864.79,51951.617,52037.996,52123.99,52209.652,52295.043,52380.223,52465.234,52550.145,52635.0,52719.855,52804.76,52889.777,52974.953,53060.344,53146.008,53232.0,53318.38,53405.207,53492.543,53580.453,53669.008,53758.277,53848.332,53939.254,54031.13,54124.043,54218.094,54313.383,54410.023,54508.13,54607.836,54709.285,54812.633,54918.055,55025.734,55135.895,55248.766,55364.62,55483.77,55606.555,55733.383,55864.715,56001.1,56143.184,56291.73,56447.676,56612.164,56786.625,56972.87,57173.27,57390.973,57630.348,57897.69,58202.6,58560.83,59001.223,59586.652,60509.363,one,50787.69
2018-08-30T08:00:00.0,2018-08-28T12:00:00.0,46203.566,47367.66,48106.24,48661.844,49113.785,49498.457,49835.742,50137.74,50412.39,50665.21,50900.18,51120.28,51327.8,51524.543,51711.95,51891.2,52063.266,52228.953,52388.96,52543.867,52694.184,52840.348,52982.75,53121.723,53257.574,53390.574,53520.957,53648.945,53774.74,53898.508,54020.43,54140.645,54259.3,54376.52,54492.43,54607.137,54720.754,54833.37,54945.094,55056.0,55166.184,55275.727,55384.703,55493.19,55601.266,55708.996,55816.453,55923.707,56030.83,56137.883,56244.934,56352.055,56459.31,56566.77,56674.5,56782.574,56891.06,57000.035,57109.58,57219.76,57330.67,57442.39,57555.01,57668.625,57783.332,57899.242,58016.465,58135.117,58255.336,58377.254,58501.027,58626.816,58754.805,58885.19,59018.188,59154.04,59293.016,59435.414,59581.582,59731.895,59886.805,60046.81,60212.5,60384.562,60563.812,60751.22,60947.96,61155.484,61375.582,61610.55,61863.37,62138.023,62440.023,62777.305,63161.977,63613.918,64169.523,64908.1,66072.195,two,54412.25
2018-08-30T08:00:00.0,2018-08-29T12:00:00.0,53471.715,53546.09,53593.277,53628.777,53657.652,53682.23,53703.78,53723.074,53740.625,53756.777,53771.79,53785.85,53799.11,53811.68,53823.656,53835.11,53846.1,53856.688,53866.91,53876.81,53886.41,53895.75,53904.848,53913.727,53922.406,53930.906,53939.234,53947.414,53955.45,53963.36,53971.15,53978.83,53986.41,53993.9,54001.305,54008.633,54015.895,54023.09,54030.227,54037.312,54044.35,54051.35,54058.312,54065.246,54072.152,54079.035,54085.9,54092.754,54099.598,54106.438,54113.277,54120.12,54126.973,54133.84,54140.723,54147.63,54154.56,54161.52,54168.52,54175.56,54182.645,54189.785,54196.98,54204.24,54211.566,54218.973,54226.46,54234.043,54241.727,54249.516,54257.42,54265.46,54273.637,54281.97,54290.465,54299.145,54308.023,54317.12,54326.46,54336.066,54345.96,54356.188,54366.773,54377.766,54389.22,54401.19,54413.76,54427.02,54441.082,54456.098,54472.25,54489.797,54509.094,54530.645,54555.22,54584.094,54619.594,54666.785,54741.16,one,54412.25
2018-08-30T09:00:00.0,2018-08-28T12:00:00.0,46415.508,47598.465,48349.01,48913.62,49372.887,49763.793,50106.54,50413.43,50692.535,50949.453,51188.227,51411.895,51622.777,51822.707,52013.152,52195.31,52370.16,52538.535,52701.133,52858.55,53011.3,53159.836,53304.543,53445.77,53583.824,53718.977,53851.473,53981.535,54109.367,54235.145,54359.04,54481.203,54601.78,54720.902,54838.688,54955.254,55070.71,55185.156,55298.688,55411.395,55523.363,55634.68,55745.42,55855.668,55965.492,56074.97,56184.168,56293.16,56402.016,56510.805,56619.594,56728.45,56837.44,56946.64,57056.117,57165.94,57276.188,57386.93,57498.246,57610.215,57722.92,57836.453,57950.9,58066.35,58182.92,58300.707,58419.83,58540.406,58662.57,58786.465,58912.242,59040.074,59170.137,59302.633,59437.785,59575.836,59717.066,59861.773,60010.31,60163.06,60320.477,60483.074,60651.45,60826.3,61008.457,61198.902,61398.832,61609.715,61833.38,62072.156,62329.074,62608.18,62915.07,63257.816,63648.723,64107.99,64672.598,65423.145,66606.1,two,57798.38
2018-08-30T09:00:00.0,2018-08-29T12:00:00.0,58664.984,58816.258,58912.24,58984.438,59043.168,59093.156,59136.984,59176.23,59211.92,59244.777,59275.31,59303.91,59330.88,59356.445,59380.8,59404.094,59426.453,59447.984,59468.777,59488.906,59508.44,59527.434,59545.938,59564.0,59581.652,59598.938,59615.88,59632.51,59648.86,59664.94,59680.785,59696.406,59711.83,59727.06,59742.12,59757.027,59771.793,59786.426,59800.945,59815.36,59829.676,59843.91,59858.074,59872.17,59886.215,59900.215,59914.18,59928.117,59942.035,59955.95,59969.86,59983.78,59997.72,60011.684,60025.684,60039.727,60053.824,60067.984,60082.22,60096.54,60110.953,60125.47,60140.105,60154.867,60169.773,60184.836,60200.07,60215.49,60231.11,60246.953,60263.04,60279.387,60296.016,60312.96,60330.242,60347.9,60365.957,60384.46,60403.457,60422.99,60443.12,60463.914,60485.445,60507.805,60531.098,60555.45,60581.02,60607.984,60636.586,60667.12,60699.977,60735.668,60774.91,60818.742,60868.73,60927.457,60999.66,61095.637,61246.91,one,57798.38
2018-08-30T10:00:00.0,2018-08-28T12:00:00.0,53948.45,54767.547,55287.24,55678.18,55996.184,56266.85,56504.176,56716.67,56909.93,57087.82,57253.156,57408.023,57554.043,57692.48,57824.348,57950.473,58071.543,58188.13,58300.715,58409.71,58515.48,58618.33,58718.523,58816.312,58911.902,59005.484,59097.227,59187.285,59275.797,59362.887,59448.67,59533.26,59616.754,59699.234,59780.79,59861.504,59941.445,60020.69,60099.3,60177.34,60254.87,60331.945,60408.625,60484.96,60561.008,60636.81,60712.42,60787.89,60863.266,60938.59,61013.918,61089.29,61164.758,61240.37,61316.17,61392.22,61468.555,61545.234,61622.31,61699.84,61777.88,61856.49,61935.734,62015.676,62096.39,62177.945,62260.43,62343.918,62428.508,62514.293,62601.383,62689.895,62779.953,62871.695,62965.277,63060.867,63158.656,63258.85,63361.7,63467.47,63576.465,63689.05,63805.637,63926.707,64052.836,64184.703,64323.137,64469.156,64624.023,64789.36,64967.25,65160.508,65373.004,65610.33,65881.0,66199.0,66589.945,67109.63,67928.734,two,60830.676
2018-08-30T10:00:00.0,2018-08-29T12:00:00.0,59428.793,59687.473,59851.594,59975.06,60075.49,60160.965,60235.918,60303.023,60364.055,60420.24,60472.45,60521.36,60567.473,60611.19,60652.84,60692.67,60730.906,60767.723,60803.28,60837.703,60871.105,60903.586,60935.23,60966.11,60996.3,61025.85,61054.83,61083.266,61111.22,61138.723,61165.816,61192.53,61218.9,61244.945,61270.703,61296.19,61321.438,61346.465,61371.29,61395.938,61420.42,61444.76,61468.98,61493.086,61517.1,61541.043,61564.92,61588.754,61612.56,61636.348,61660.137,61683.938,61707.773,61731.652,61755.59,61779.605,61803.715,61827.93,61852.273,61876.758,61901.402,61926.227,61951.254,61976.5,62001.992,62027.746,62053.797,62080.164,62106.875,62133.97,62161.473,62189.426,62217.867,62246.84,62276.395,62306.582,62337.465,62369.11,62401.59,62434.992,62469.414,62504.97,62541.79,62580.023,62619.855,62661.5,62705.22,62751.332,62800.242,62852.457,62908.637,62969.668,63036.777,63111.727,63197.207,63297.633,63421.098,63585.223,63843.9,one,60830.676
2018-08-30T11:00:00.0,2018-08-28T12:00:00.0,52469.773,53553.094,54240.43,54757.484,55178.066,55536.05,55849.93,56130.973,56386.57,56621.848,56840.51,57045.34,57238.46,57421.555,57595.96,57762.773,57922.9,58077.09,58225.992,58370.152,58510.04,58646.062,58778.582,58907.914,59034.34,59158.11,59279.45,59398.555,59515.62,59630.805,59744.266,59856.14,59966.562,60075.65,60183.516,60290.266,60395.996,60500.8,60604.77,60707.984,60810.523,60912.465,61013.88,61114.84,61215.414,61315.668,61415.67,61515.484,61615.17,61714.797,61814.42,61914.11,62013.926,62113.926,62214.184,62314.758,62415.72,62517.133,62619.074,62721.613,62824.83,62928.793,63033.6,63139.332,63246.082,63353.95,63463.035,63573.457,63685.332,63798.793,63913.977,64031.04,64150.15,64271.484,64395.254,64521.68,64651.01,64783.535,64919.56,65059.445,65203.6,65352.504,65506.7,65666.83,65833.64,66008.04,66191.13,66384.26,66589.086,66807.75,67043.02,67298.625,67579.664,67893.55,68251.53,68672.12,69189.164,69876.5,70959.82,two,63610.207
2018-08-30T11:00:00.0,2018-08-29T12:00:00.0,53235.062,54266.883,54921.543,55414.016,55814.605,56155.57,56454.53,56722.21,56965.66,57189.75,57398.023,57593.113,57777.055,57951.44,58117.555,58276.438,58428.953,58575.816,58717.64,58854.945,58988.184,59117.74,59243.96,59367.145,59487.56,59605.445,59721.016,59834.46,59945.957,60055.668,60163.734,60270.29,60375.465,60479.363,60582.105,60683.777,60784.484,60884.31,60983.332,61081.64,61179.305,61276.4,61372.992,61469.152,61564.95,61660.438,61755.688,61850.754,61945.703,62040.594,62135.48,62230.43,62325.5,62420.746,62516.24,62612.03,62708.19,62804.785,62901.88,62999.543,63097.85,63196.875,63296.7,63397.406,63499.082,63601.82,63705.723,63810.895,63917.45,64025.516,64135.227,64246.723,64360.168,64475.74,64593.625,64714.04,64837.223,64963.445,65093.0,65226.24,65363.543,65505.367,65652.234,65804.74,65963.625,66129.74,66304.13,66488.07,66683.164,66891.43,67115.52,67358.97,67626.66,67925.62,68266.58,68667.164,69159.64,69814.3,70846.125,one,63610.207
2018-08-30T12:00:00.0,2018-08-28T12:00:00.0,52757.72,53946.38,54700.543,55267.875,55729.355,56122.145,56466.547,56774.918,57055.367,57313.52,57553.45,57778.195,57990.094,58190.99,58382.35,58565.383,58741.08,58910.266,59073.65,59231.824,59385.312,59534.562,59679.97,59821.88,59960.598,60096.4,60229.535,60360.227,60488.67,60615.055,60739.547,60862.3,60983.46,61103.156,61221.508,61338.64,61454.652,61569.65,61683.727,61796.977,61909.484,62021.336,62132.613,62243.39,62353.746,62463.75,62573.477,62682.996,62792.375,62901.688,63011.0,63120.383,63229.9,63339.625,63449.63,63559.984,63670.76,63782.04,63893.89,64006.4,64119.65,64233.727,64348.723,64464.74,64581.867,64700.223,64819.914,64941.074,65063.83,65188.32,65314.707,65443.152,65573.84,65706.98,65842.78,65981.5,66123.41,66268.81,66418.06,66571.555,66729.73,66893.11,67062.3,67237.99,67421.02,67612.39,67813.28,68025.18,68249.93,68489.85,68748.01,69028.46,69336.83,69681.234,70074.02,70535.5,71102.83,71857.0,73045.66,two,65878.516
2018-08-30T12:00:00.0,2018-08-29T12:00:00.0,53540.246,54683.49,55408.836,55954.492,56398.336,56776.12,57107.36,57403.95,57673.684,57921.973,58152.734,58368.89,58572.695,58765.914,58949.965,59126.004,59294.984,59457.707,59614.848,59766.98,59914.6,60058.152,60198.0,60334.49,60467.906,60598.52,60726.57,60852.266,60975.8,61097.36,61217.094,61335.156,61451.688,61566.81,61680.64,61793.293,61904.875,62015.477,62125.195,62234.117,62342.33,62449.906,62556.93,62663.477,62769.613,62875.414,62980.95,63086.28,63191.484,63296.62,63401.754,63506.957,63612.29,63717.824,63823.625,63929.76,64036.31,64143.332,64250.91,64359.12,64468.043,64577.76,64688.363,64799.945,64912.598,65026.43,65141.555,65258.082,65376.145,65495.88,65617.44,65740.98,65866.67,65994.72,66125.336,66258.75,66395.234,66535.086,66678.63,66826.26,66978.39,67135.53,67298.25,67467.234,67643.27,67827.33,68020.55,68224.34,68440.51,68671.266,68919.555,69189.29,69485.875,69817.12,70194.9,70638.75,71184.4,71909.75,73052.99,one,65878.516
2018-08-30T13:00:00.0,2018-08-28T12:00:00.0,55179.254,56364.42,57116.375,57682.04,58142.164,58533.8,58877.19,59184.656,59464.28,59721.68,59960.902,60184.99,60396.266,60596.57,60787.37,60969.867,61145.047,61313.74,61476.637,61634.35,61787.387,61936.2,62081.18,62222.67,62360.98,62496.387,62629.133,62759.438,62887.508,63013.52,63137.65,63260.04,63380.844,63500.188,63618.195,63734.98,63850.652,63965.31,64079.055,64191.97,64304.15,64415.67,64526.62,64637.074,64747.105,64856.785,64966.19,65075.387,65184.45,65293.438,65402.43,65511.49,65620.69,65730.09,65839.77,65949.805,66060.26,66171.2,66282.73,66394.91,66507.83,66621.57,66736.23,66851.9,66968.69,67086.69,67206.03,67326.836,67449.234,67573.36,67699.375,67827.44,67957.74,68090.49,68225.9,68364.2,68505.695,68650.68,68799.49,68952.53,69110.24,69273.14,69441.83,69617.01,69799.51,69990.305,70190.61,70401.89,70625.98,70865.195,71122.59,71402.22,71709.69,72053.08,72444.71,72904.836,73470.5,74222.45,75407.625,two,67425.81
2018-08-30T13:00:00.0,2018-08-29T12:00:00.0,53455.055,54608.516,55340.35,55890.883,56338.695,56719.855,57054.06,57353.297,57625.445,57875.957,58108.777,58326.867,58532.492,58727.44,58913.137,59090.75,59261.242,59425.418,59583.965,59737.457,59886.4,60031.23,60172.332,60310.035,60444.65,60576.43,60705.625,60832.445,60957.086,61079.73,61200.535,61319.652,61437.223,61553.375,61668.227,61781.887,61894.465,62006.055,62116.754,62226.652,62335.83,62444.37,62552.35,62659.848,62766.934,62873.684,62980.16,63086.434,63192.58,63298.652,63404.727,63510.87,63617.145,63723.62,63830.37,63937.457,64044.953,64152.934,64261.477,64370.652,64480.55,64591.25,64702.84,64815.418,64929.08,65043.93,65160.082,65277.652,65396.77,65517.574,65640.22,65764.86,65891.68,66020.875,66152.66,66287.266,66424.98,66566.08,66710.91,66859.85,67013.34,67171.88,67336.06,67506.555,67684.17,67869.87,68064.81,68270.44,68488.52,68721.35,68971.86,69244.01,69543.24,69877.445,70258.61,70706.42,71256.95,71988.79,73142.25,one,67425.81
2018-08-30T14:00:00.0,2018-08-28T12:00:00.0,55581.754,56773.934,57530.336,58099.348,58562.195,58956.15,59301.57,59610.855,59892.137,60151.055,60391.695,60617.105,60829.633,61031.12,61223.055,61406.63,61582.844,61752.53,61916.4,62075.043,62228.984,62378.68,62524.516,62666.844,62805.973,62942.18,63075.71,63206.79,63335.613,63462.375,63587.234,63710.35,63831.87,63951.918,64070.625,64188.1,64304.457,64419.793,64534.21,64647.797,64760.637,64872.824,64984.43,65095.535,65206.215,65316.547,65426.598,65536.44,65646.15,65755.78,65865.414,65975.125,66084.97,66195.016,66305.34,66416.03,66527.13,66638.74,66750.92,66863.766,66977.35,67091.766,67207.11,67323.46,67440.94,67559.64,67679.695,67801.21,67924.33,68049.19,68175.945,68304.77,68435.85,68569.38,68705.586,68844.72,68987.05,69132.88,69282.58,69436.52,69595.164,69759.03,69928.72,70104.94,70288.51,70480.44,70681.93,70894.46,71119.87,71360.51,71619.43,71900.71,72209.99,72555.414,72949.37,73412.22,73981.23,74737.625,75929.81,two,67965.47
2018-08-30T14:00:00.0,2018-08-29T12:00:00.0,53515.996,54671.246,55404.215,55955.6,56404.11,56785.86,57120.582,57420.285,57692.85,57943.75,58176.934,58395.363,58601.31,58796.555,58982.54,59160.43,59331.184,59495.617,59654.406,59808.137,59957.312,60102.367,60243.684,60381.605,60516.426,60648.414,60777.805,60904.824,61029.656,61152.49,61273.484,61392.785,61510.54,61626.87,61741.9,61855.74,61968.49,62080.254,62191.125,62301.19,62410.54,62519.246,62627.395,62735.06,62842.312,62949.223,63055.867,63162.31,63268.613,63374.85,63481.094,63587.4,63693.84,63800.484,63907.395,64014.65,64122.312,64230.46,64339.168,64448.516,64558.582,64669.453,64781.22,64893.97,65007.81,65122.836,65239.168,65356.918,65476.223,65597.22,65720.05,65844.88,65971.9,66101.3,66233.28,66368.1,66506.02,66647.34,66792.4,66941.57,67095.3,67254.09,67418.52,67589.28,67767.164,67953.15,68148.4,68354.34,68572.77,68805.95,69056.85,69329.42,69629.125,69963.84,70345.6,70794.11,71345.49,72078.46,73233.71,one,67965.47
2018-08-30T15:00:00.0,2018-08-28T12:00:00.0,55131.883,56317.047,57068.996,57634.656,58094.777,58486.414,58829.8,59137.266,59416.89,59674.285,59913.508,60137.59,60348.867,60549.17,60739.973,60922.465,61097.645,61266.332,61429.234,61586.945,61739.98,61888.793,62033.77,62175.26,62313.574,62448.977,62581.723,62712.027,62840.094,62966.105,63090.234,63212.625,63333.426,63452.77,63570.777,63687.562,63803.234,63917.89,64031.633,64144.55,64256.73,64368.254,64479.2,64589.652,64699.684,64809.363,64918.766,65027.965,65137.023,65246.01,65355.004,65464.062,65573.26,65682.664,65792.34,65902.375,66012.83,66123.77,66235.3,66347.48,66460.39,66574.13,66688.79,66804.46,66921.25,67039.26,67158.6,67279.4,67401.79,67525.92,67651.93,67780.0,67910.305,68043.05,68178.45,68316.766,68458.26,68603.234,68752.05,68905.08,69062.79,69225.695,69394.38,69569.56,69752.055,69942.85,70143.16,70354.44,70578.516,70817.74,71075.13,71354.766,71662.23,72005.61,72397.25,72857.37,73423.03,74174.98,75360.14,two,67032.58
2018-08-30T15:00:00.0,2018-08-29T12:00:00.0,52038.547,53190.99,53922.176,54472.22,54919.637,55300.46,55634.367,55933.344,56205.246,56455.535,56688.152,56906.05,57111.492,57306.266,57491.8,57669.258,57839.598,58003.63,58162.03,58315.39,58464.203,58608.906,58749.88,58887.465,59021.957,59153.62,59282.703,59409.41,59533.94,59656.477,59777.176,59896.188,60013.656,60129.703,60244.45,60358.01,60470.49,60581.98,60692.582,60802.383,60911.465,61019.91,61127.793,61235.195,61342.188,61448.84,61555.223,61661.406,61767.453,61873.434,61979.418,62085.465,62191.65,62298.03,62404.684,62511.676,62619.08,62726.96,62835.406,62944.49,63054.285,63164.887,63276.383,63388.86,63502.418,63617.168,63733.215,63850.684,63969.695,64090.395,64212.93,64337.46,64464.168,64593.25,64724.914,64859.406,64996.992,65137.965,65282.668,65431.48,65584.836,65743.24,65907.27,66077.62,66255.07,66440.6,66635.375,66840.82,67058.72,67291.336,67541.625,67813.53,68112.5,68446.414,68827.234,69274.65,69824.695,70555.88,71708.33,one,67032.58
2018-08-30T16:00:00.0,2018-08-28T12:00:00.0,53367.203,54550.793,55301.742,55866.652,56326.164,56717.28,57060.21,57367.266,57646.52,57903.574,58142.48,58366.266,58577.26,58777.3,58967.848,59150.098,59325.043,59493.508,59656.195,59813.695,59966.53,60115.145,60259.93,60401.23,60539.36,60674.586,60807.152,60937.285,61065.184,61191.027,61314.99,61437.22,61557.86,61677.047,61794.895,61911.523,62027.043,62141.55,62255.14,62367.906,62479.938,62591.312,62702.113,62812.418,62922.3,63031.836,63141.094,63250.15,63359.062,63467.906,63576.754,63685.668,63794.72,63903.977,64013.51,64123.395,64233.703,64344.504,64455.88,64567.906,64680.676,64794.266,64908.773,65024.29,65140.918,65258.77,65377.953,65498.594,65620.83,65744.79,65870.63,65998.53,66128.664,66261.234,66396.45,66534.586,66675.88,66820.67,66969.28,67122.12,67279.62,67442.305,67610.77,67785.72,67967.97,68158.516,68358.555,68569.55,68793.336,69032.24,69289.3,69568.55,69875.6,70218.53,70609.65,71069.164,71634.07,72385.02,73568.61,two,64876.223
2018-08-30T16:00:00.0,2018-08-29T12:00:00.0,51342.45,52494.324,53225.156,53774.93,54222.13,54602.766,54936.508,55235.336,55507.11,55757.277,55989.78,56207.57,56412.914,56607.59,56793.03,56970.402,57140.66,57304.61,57462.938,57616.22,57764.957,57909.59,58050.496,58188.01,58322.438,58454.04,58583.06,58709.703,58834.17,58956.65,59077.285,59196.242,59313.652,59429.645,59544.336,59657.84,59770.26,59881.7,59992.25,60101.992,60211.023,60319.414,60427.246,60534.598,60641.535,60748.137,60854.465,60960.598,61066.594,61172.523,61278.453,61384.45,61490.58,61596.91,61703.508,61810.45,61917.797,62025.633,62134.023,62243.05,62352.797,62463.344,62574.78,62687.203,62800.707,62915.402,63031.39,63148.8,63267.758,63388.4,63510.87,63635.344,63761.99,63891.004,64022.605,64157.03,64294.547,64435.453,64580.086,64728.824,64882.11,65040.434,65204.387,65374.645,65552.016,65737.45,65932.13,66137.48,66355.266,66587.766,66837.94,67109.71,67408.54,67742.28,68122.914,68570.12,69119.89,69850.72,71002.59,one,64876.223
2018-08-30T17:00:00.0,2018-08-28T12:00:00.0,52084.61,53275.184,54030.57,54598.812,55061.04,55454.46,55799.418,56108.285,56389.19,56647.76,56888.08,57113.184,57325.426,57526.645,57718.316,57901.645,58077.62,58247.082,58410.727,58569.16,58722.895,58872.387,59018.027,59160.164,59299.105,59435.13,59568.48,59699.38,59828.035,59954.62,60079.316,60202.266,60323.62,60443.508,60562.055,60679.375,60795.574,60910.754,61025.016,61138.45,61251.14,61363.17,61474.63,61585.586,61696.117,61806.3,61916.203,62025.9,62135.457,62244.945,62354.434,62463.99,62573.684,62683.59,62793.77,62904.3,63015.258,63126.715,63238.746,63351.438,63464.87,63579.133,63694.316,63810.516,63927.832,64046.38,64166.266,64287.62,64410.574,64535.266,64661.855,64790.508,64921.406,65054.758,65190.78,65329.723,65471.86,65617.5,65766.99,65920.73,66079.164,66242.805,66412.266,66588.24,66771.57,66963.24,67164.46,67376.7,67601.81,67842.125,68100.695,68381.6,68690.47,69035.42,69428.85,69891.07,70459.32,71214.7,72405.28,two,62585.074
2018-08-30T17:00:00.0,2018-08-29T12:00:00.0,49969.71,51128.938,51864.43,52417.71,52867.76,53250.83,53586.7,53887.434,54160.94,54412.703,54646.69,54865.867,55072.523,55268.44,55455.066,55633.566,55804.91,55969.91,56129.246,56283.504,56433.19,56578.746,56720.55,56858.945,56994.23,57126.67,57256.51,57383.965,57509.23,57632.484,57753.895,57873.61,57991.766,58108.496,58223.92,58338.152,58451.29,58563.44,58674.69,58785.137,58894.86,59003.945,59112.465,59220.5,59328.12,59435.402,59542.41,59649.22,59755.89,59862.496,59969.1,60075.773,60182.58,60289.59,60396.87,60504.492,60612.527,60721.047,60830.13,60939.85,61050.297,61161.55,61273.7,61386.84,61501.07,61616.492,61733.223,61851.383,61971.098,62092.508,62215.76,62341.027,62468.48,62598.32,62730.76,62866.043,63004.438,63146.242,63291.797,63441.484,63595.746,63755.082,63920.08,64091.42,64269.926,64456.547,64652.47,64859.12,65078.3,65312.29,65564.05,65837.555,66138.29,66474.164,66857.23,67307.28,67860.56,68596.055,69755.28,one,62585.074
2018-08-30T18:00:00.0,2018-08-28T12:00:00.0,49638.953,50826.066,51579.25,52145.844,52606.723,52999.0,53342.953,53650.92,53931.008,54188.83,54428.44,54652.895,54864.52,55065.152,55256.266,55439.062,55614.527,55783.496,55946.664,56104.633,56257.92,56406.98,56552.195,56693.918,56832.457,56968.086,57101.047,57231.566,57359.844,57486.066,57610.395,57732.99,57853.992,57973.53,58091.73,58208.707,58324.57,58439.418,58553.344,58666.45,58778.812,58890.52,59001.65,59112.28,59222.492,59332.355,59441.938,59551.312,59660.555,59769.723,59878.895,59988.133,60097.508,60207.09,60316.953,60427.164,60537.797,60648.93,60760.637,60872.996,60986.1,61100.03,61214.875,61330.74,61447.715,61565.914,61685.453,61806.457,61929.05,62053.38,62179.6,62307.88,62438.4,62571.36,62706.99,62845.527,62987.25,63132.465,63281.523,63434.812,63592.78,63755.95,63924.918,64100.383,64283.18,64474.293,64674.926,64886.55,65111.004,65350.617,65608.44,65888.52,66196.49,66540.445,66932.73,67393.6,67960.195,68713.38,69900.49,two,60752.688
2018-08-30T18:00:00.0,2018-08-29T12:00:00.0,48540.562,49671.92,50389.73,50929.71,51368.945,51742.8,52070.6,52364.105,52631.04,52876.746,53105.11,53319.02,53520.707,53711.918,53894.055,54068.266,54235.49,54396.52,54552.027,54702.58,54848.668,54990.723,55129.12,55264.188,55396.22,55525.477,55652.195,55776.582,55898.836,56019.13,56137.62,56254.457,56369.773,56483.7,56596.348,56707.832,56818.254,56927.707,57036.285,57144.074,57251.16,57357.62,57463.53,57568.97,57674.004,57778.707,57883.145,57987.383,58091.492,58195.535,58299.58,58403.684,58507.92,58612.36,58717.062,58822.098,58927.535,59033.445,59139.906,59246.992,59354.78,59463.363,59572.816,59683.234,59794.72,59907.367,60021.293,60136.61,60253.445,60371.938,60492.23,60614.484,60738.875,60865.59,60994.848,61126.88,61261.95,61400.344,61542.4,61688.49,61839.04,61994.547,62155.58,62322.805,62497.01,62679.152,62870.363,63072.047,63285.957,63514.32,63760.03,64026.96,64320.465,64648.266,65022.12,65461.355,66001.336,66719.15,67850.51,one,60752.688
2018-08-30T19:00:00.0,2018-08-28T12:00:00.0,47252.79,48430.477,49177.68,49739.77,50196.99,50586.152,50927.375,51232.895,51510.758,51766.527,52004.242,52226.91,52436.85,52635.895,52825.49,53006.832,53180.906,53348.53,53510.402,53667.117,53819.19,53967.062,54111.125,54251.723,54389.16,54523.71,54655.617,54785.1,54912.36,55037.58,55160.92,55282.543,55402.582,55521.17,55638.434,55754.48,55869.42,55983.355,56096.383,56208.586,56320.055,56430.875,56541.125,56650.88,56760.215,56869.203,56977.914,57086.42,57194.793,57303.098,57411.4,57519.77,57628.277,57736.992,57845.98,57955.316,58065.07,58175.32,58286.14,58397.61,58509.812,58622.836,58736.773,58851.715,58967.76,59085.023,59203.613,59323.652,59445.273,59568.617,59693.836,59821.094,59950.58,60082.484,60217.035,60354.473,60495.07,60639.133,60787.004,60939.074,61095.793,61257.664,61425.29,61599.363,61780.703,61970.3,62169.34,62379.285,62601.953,62839.668,63095.438,63373.297,63678.82,64020.043,64409.207,64866.426,65428.516,66175.72,67353.41,two,57062.277
2018-08-30T19:00:00.0,2018-08-29T12:00:00.0,45247.49,46407.848,47144.055,47697.875,48148.367,48531.805,48868.008,49169.035,49442.805,49694.816,49929.03,50148.42,50355.277,50551.387,50738.195,50916.87,51088.383,51253.54,51413.03,51567.44,51717.273,51862.973,52004.914,52143.445,52278.86,52411.43,52541.395,52668.973,52794.36,52917.74,53039.266,53159.094,53277.367,53394.215,53509.75,53624.09,53737.34,53849.598,53960.96,54071.516,54181.344,54290.535,54399.16,54507.3,54615.027,54722.41,54829.523,54936.438,55043.21,55149.92,55256.633,55363.406,55470.32,55577.434,55684.816,55792.543,55900.684,56009.312,56118.5,56228.332,56338.883,56450.246,56562.504,56675.754,56790.094,56905.63,57022.477,57140.75,57260.58,57382.11,57505.484,57630.87,57758.45,57888.414,58020.984,58156.4,58294.93,58436.87,58582.57,58732.402,58886.812,59046.305,59211.465,59382.973,59561.65,59748.457,59944.566,60151.42,60370.816,60605.03,60857.04,61130.81,61431.836,61768.04,62151.477,62601.97,63155.79,63892.0,65052.355,one,57062.277
2018-08-30T20:00:00.0,2018-08-28T12:00:00.0,43851.367,45042.375,45798.035,46366.484,46828.88,47222.445,47567.527,47876.508,48157.51,48416.18,48656.582,48881.77,49094.09,49295.383,49487.125,49670.52,49846.562,50016.082,50179.785,50338.277,50492.066,50641.613,50787.31,50929.496,51068.49,51204.562,51337.96,51468.91,51597.61,51724.242,51848.98,51971.98,52093.375,52213.31,52331.9,52449.258,52565.5,52680.723,52795.027,52908.5,53021.234,53133.31,53244.805,53355.8,53466.37,53576.594,53686.54,53796.273,53905.87,54015.4,54124.926,54234.523,54344.26,54454.203,54564.426,54674.996,54785.992,54897.492,55009.562,55122.297,55235.77,55350.074,55465.297,55581.54,55698.9,55817.49,55937.42,56058.82,56181.816,56306.555,56433.188,56561.887,56692.836,56826.234,56962.31,57101.3,57243.492,57389.184,57538.73,57692.52,57851.01,58014.715,58184.24,58360.277,58543.676,58735.414,58936.707,59149.027,59374.215,59614.617,59873.285,60154.29,60463.27,60808.35,61201.918,61664.312,62232.76,62988.42,64179.434,two,52484.074
2018-08-30T20:00:00.0,2018-08-29T12:00:00.0,42533.383,43690.35,44424.41,44976.617,45425.79,45808.11,46143.33,46443.477,46716.45,46967.723,47201.254,47420.008,47626.258,47821.793,48008.055,48186.21,48357.22,48521.895,48680.92,48834.88,48984.277,49129.547,49271.08,49409.203,49544.223,49676.406,49805.992,49933.195,50058.22,50181.234,50302.406,50421.887,50539.816,50656.32,50771.52,50885.523,50998.445,51110.375,51221.41,51331.64,51441.152,51550.023,51658.332,51766.156,51873.566,51980.64,52087.44,52194.04,52300.504,52406.902,52513.297,52619.76,52726.363,52833.164,52940.234,53047.65,53155.47,53263.78,53372.652,53482.16,53592.39,53703.426,53815.36,53928.277,54042.285,54157.484,54273.99,54391.914,54511.395,54632.57,54755.582,54880.605,55007.81,55137.395,55269.58,55404.6,55542.727,55684.254,55829.523,55978.92,56132.88,56291.906,56456.582,56627.594,56805.746,56992.008,57187.547,57393.797,57612.547,57846.08,58097.35,58370.324,58670.473,59005.69,59388.01,59837.188,60389.39,61123.45,62280.418,one,52484.074
2018-08-30T21:00:00.0,2018-08-28T12:00:00.0,40471.41,41652.44,42401.77,42965.457,43423.977,43814.246,44156.438,44462.83,44741.48,44997.977,45236.367,45459.668,45670.207,45869.812,46059.95,46241.81,46416.375,46584.477,46746.81,46903.97,47056.473,47204.766,47349.24,47490.234,47628.062,47762.996,47895.277,48025.13,48152.75,48278.324,48402.016,48523.984,48644.363,48763.293,48880.887,48997.266,49112.53,49226.79,49340.137,49452.66,49564.445,49675.582,49786.145,49896.21,50005.855,50115.156,50224.176,50332.992,50441.67,50550.28,50658.895,50767.57,50876.387,50985.41,51094.707,51204.355,51314.42,51424.984,51536.117,51647.906,51760.43,51873.773,51988.03,52103.3,52219.68,52337.273,52456.2,52576.582,52698.547,52822.242,52947.812,53075.434,53205.285,53337.566,53472.5,53610.33,53751.33,53895.8,54044.09,54196.594,54353.758,54516.09,54684.19,54858.758,55040.617,55230.75,55430.355,55640.9,55864.2,56102.586,56359.086,56637.734,56944.13,57286.32,57676.59,58135.105,58698.797,59448.12,60629.152,two,48265.066
2018-08-30T21:00:00.0,2018-08-29T12:00:00.0,39313.266,40472.3,41207.668,41760.86,42210.836,42593.84,42929.656,43230.34,43503.8,43755.52,43989.47,44208.613,44415.23,44611.117,44797.71,44976.184,45147.5,45312.47,45471.777,45626.01,45775.676,45921.207,46062.99,46201.36,46336.62,46469.04,46598.86,46726.29,46851.535,46974.77,47096.156,47215.85,47333.992,47450.703,47566.11,47680.316,47793.438,47905.57,48016.805,48127.23,48236.938,48346.0,48454.504,48562.52,48670.125,48777.387,48884.38,48991.168,49097.82,49204.41,49310.996,49417.652,49524.44,49631.434,49738.695,49846.3,49954.316,50062.82,50171.883,50281.59,50392.016,50503.25,50615.383,50728.5,50842.71,50958.117,51074.83,51192.97,51312.66,51434.05,51557.285,51682.53,51809.96,51939.78,52072.2,52207.46,52345.832,52487.613,52633.145,52782.81,52937.043,53096.35,53261.32,53432.637,53611.11,53797.703,53993.59,54200.207,54419.35,54653.297,54905.02,55178.48,55479.164,55814.98,56197.984,56647.96,57201.152,57936.52,59095.555,one,48265.066
2018-08-30T22:00:00.0,2018-08-28T12:00:00.0,36937.36,38123.17,38875.53,39441.5,39901.875,40293.727,40637.3,40944.934,41224.71,41482.246,41721.6,41945.805,42157.2,42357.613,42548.516,42731.11,42906.383,43075.168,43238.156,43395.953,43549.074,43697.97,43843.023,43984.594,44122.98,44258.457,44391.273,44521.652,44649.79,44775.87,44900.066,45022.523,45143.395,45262.8,45380.87,45497.723,45613.457,45728.176,45841.98,45954.96,46067.2,46178.785,46289.793,46400.305,46510.395,46620.137,46729.598,46838.855,46947.977,47057.023,47166.074,47275.195,47384.45,47493.914,47603.656,47713.746,47824.258,47935.266,48046.85,48159.09,48272.07,48385.875,48500.594,48616.33,48733.176,48851.25,48970.656,49091.523,49213.984,49338.18,49464.26,49592.4,49722.773,49855.594,49991.07,50129.457,50271.023,50416.082,50564.977,50718.098,50875.895,51038.883,51207.664,51382.938,51565.535,51756.438,51956.85,52168.242,52392.45,52631.805,52889.34,53169.117,53476.75,53820.324,54212.176,54672.547,55238.52,55990.88,57176.69,two,45138.457
2018-08-30T22:00:00.0,2018-08-29T12:00:00.0,36093.883,37232.855,37955.5,38499.113,38941.305,39317.676,39647.68,39943.16,40211.89,40459.254,40689.152,40904.504,41107.543,41300.043,41483.406,41658.79,41827.14,41989.254,42145.805,42297.37,42444.44,42587.453,42726.78,42862.758,42995.68,43125.81,43253.38,43378.605,43501.68,43622.78,43742.07,43859.695,43975.79,44090.48,44203.887,44316.12,44427.285,44537.473,44646.78,44755.297,44863.105,44970.28,45076.906,45183.055,45288.797,45394.203,45499.34,45604.28,45709.09,45813.832,45918.58,46023.387,46128.324,46233.465,46338.87,46444.613,46550.76,46657.387,46764.562,46872.367,46980.883,47090.195,47200.383,47311.547,47423.78,47537.188,47651.88,47767.973,47885.598,48004.883,48125.984,48249.062,48374.29,48501.86,48631.99,48764.906,48900.883,49040.21,49183.223,49330.297,49481.86,49638.414,49800.527,49968.88,50144.26,50327.625,50520.12,50723.164,50938.516,51168.414,51415.777,51684.504,51979.984,52309.992,52686.363,53128.55,53672.168,54394.81,55533.785,one,45138.457
2018-08-30T23:00:00.0,2018-08-28T12:00:00.0,34820.496,35999.508,36747.555,37310.28,37768.016,38157.617,38499.223,38805.09,39083.266,39339.324,39577.305,39800.227,40010.406,40209.67,40399.48,40581.03,40755.297,40923.113,41085.168,41242.06,41394.305,41542.344,41686.566,41827.324,41964.918,42099.62,42231.676,42361.305,42488.707,42614.066,42737.547,42859.305,42979.48,43098.203,43215.598,43331.777,43446.848,43560.91,43674.062,43786.395,43897.992,44008.938,44119.31,44229.188,44338.645,44447.758,44556.594,44665.223,44773.715,44882.14,44990.566,45099.06,45207.69,45316.527,45425.637,45535.098,45644.973,45755.348,45866.293,45977.887,46090.22,46203.37,46317.434,46432.504,46548.684,46666.08,46784.8,46904.977,47026.734,47150.22,47275.574,47402.98,47532.61,47664.664,47799.363,47936.957,48077.715,48221.94,48369.98,48522.223,48679.113,48841.17,49008.984,49183.254,49364.8,49554.613,49753.875,49964.055,50186.977,50424.957,50681.016,50959.19,51265.06,51606.664,51996.27,52454.004,53016.73,53764.773,54943.79,two,42864.395
2018-08-30T23:00:00.0,2018-08-29T12:00:00.0,33258.016,34401.98,35127.79,35673.785,36117.91,36495.934,36827.383,37124.156,37394.062,37642.51,37873.418,38089.71,38293.64,38486.984,38671.152,38847.3,39016.39,39179.215,39336.453,39488.68,39636.4,39780.035,39919.973,40056.547,40190.05,40320.746,40448.875,40574.652,40698.266,40819.9,40939.71,41057.848,41174.453,41289.645,41403.55,41516.273,41627.926,41738.598,41848.387,41957.38,42065.656,42173.3,42280.395,42387.008,42493.21,42599.08,42704.68,42810.08,42915.348,43020.55,43125.75,43231.02,43336.42,43442.02,43547.887,43654.094,43760.707,43867.797,43975.445,44083.723,44192.715,44302.5,44413.176,44524.824,44637.55,44751.453,44866.65,44983.25,45101.39,45221.2,45342.832,45466.45,45592.223,45720.35,45851.05,45984.555,46121.125,46261.062,46404.703,46552.418,46704.65,46861.887,47024.71,47193.797,47369.95,47554.117,47747.457,47951.39,48167.684,48398.59,48647.035,48916.94,49213.715,49545.168,49923.188,50367.316,50913.312,51639.12,52783.082,one,42864.395
2018-08-31T00:00:00.0,2018-08-29T12:00:00.0,31410.367,32543.447,33262.35,33803.156,34243.06,34617.484,34945.78,35239.73,35507.07,35753.152,35981.863,36196.1,36398.094,36589.594,36772.008,36946.484,37113.965,37275.24,37430.984,37581.76,37728.074,37870.348,38008.953,38144.227,38276.46,38405.914,38532.824,38657.402,38779.844,38900.32,39018.99,39136.004,39251.496,39365.598,39478.418,39590.07,39700.656,39810.277,39919.02,40026.977,40134.227,40240.848,40346.92,40452.52,40557.71,40662.574,40767.168,40871.566,40975.836,41080.035,41184.24,41288.504,41392.902,41497.496,41602.36,41707.55,41813.15,41919.223,42025.848,42133.094,42241.05,42349.793,42459.414,42570.0,42681.652,42794.473,42908.574,43024.066,43141.082,43259.75,43380.227,43502.668,43627.246,43754.156,43883.61,44015.844,44151.117,44289.723,44431.996,44578.31,44729.09,44884.832,45046.105,45213.586,45388.062,45570.477,45761.98,45963.97,46178.207,46406.918,46653.0,46920.34,47214.29,47542.586,47917.01,48356.914,48897.72,49616.62,50749.703,two,41403.176
2018-08-31T00:00:00.0,2018-08-30T12:00:00.0,32511.736,33700.484,34454.707,35022.082,35483.594,35876.414,36220.84,36529.234,36809.707,37067.88,37307.83,37532.586,37744.504,37945.414,38136.79,38319.836,38495.547,38664.746,38828.14,38986.33,39139.83,39289.09,39434.504,39576.426,39715.152,39850.97,39984.113,40114.812,40243.27,40369.664,40494.164,40616.926,40738.094,40857.797,40976.16,41093.3,41209.32,41324.33,41438.414,41551.67,41664.188,41776.05,41887.336,41998.12,42108.484,42218.496,42328.23,42437.758,42547.145,42656.465,42765.785,42875.176,42984.703,43094.438,43204.45,43314.812,43425.598,43536.883,43648.742,43761.26,43874.52,43988.605,44103.61,44219.633,44336.77,44455.133,44574.84,44696.004,44818.77,44943.27,45069.664,45198.12,45328.82,45461.965,45597.777,45736.508,45878.426,46023.844,46173.105,46326.605,46484.793,46648.188,46817.387,46993.094,47176.14,47367.52,47568.43,47780.344,48005.105,48245.05,48503.227,48783.7,49092.09,49436.52,49829.34,50290.85,50858.227,51612.45,52801.195,one,41403.176
2018-08-31T01:00:00.0,2018-08-29T12:00:00.0,30518.559,31660.922,32385.717,32930.95,33374.457,33751.95,34082.938,34379.297,34648.824,34896.926,35127.508,35343.5,35547.145,35740.215,35924.125,36100.03,36268.883,36431.48,36588.496,36740.516,36888.023,37031.46,37171.203,37307.586,37440.902,37571.418,37699.367,37824.965,37948.41,38069.87,38189.516,38307.49,38423.926,38538.96,38652.707,38765.273,38876.766,38987.285,39096.92,39205.758,39313.887,39421.383,39528.324,39634.79,39740.844,39846.562,39952.016,40057.27,40162.39,40267.445,40372.5,40477.62,40582.875,40688.33,40794.047,40900.1,41006.566,41113.508,41221.004,41329.133,41437.973,41547.605,41658.125,41769.617,41882.184,41995.93,42110.965,42227.402,42345.375,42465.02,42586.48,42709.926,42835.523,42963.477,43093.99,43227.305,43363.688,43503.43,43646.867,43794.38,43946.395,44103.41,44266.008,44434.86,44610.766,44794.676,44987.746,45191.39,45407.383,45637.97,45886.066,46155.594,46451.953,46782.94,47160.434,47603.94,48149.176,48873.97,50016.332,two,40680.61
2018-08-31T01:00:00.0,2018-08-30T12:00:00.0,30678.531,31864.045,32616.217,33182.047,33642.305,34034.055,34377.547,34685.098,34964.81,35222.28,35461.574,35685.723,35897.062,36097.426,36288.28,36470.832,36646.062,36814.8,36977.75,37135.508,37288.59,37437.445,37582.465,37724.0,37862.35,37997.797,38130.58,38260.92,38389.027,38515.08,38639.242,38761.67,38882.508,39001.887,39119.93,39236.75,39352.453,39467.145,39580.92,39693.87,39806.082,39917.64,40028.62,40139.105,40249.168,40358.883,40468.316,40577.547,40686.637,40795.66,40904.684,41013.777,41123.004,41232.44,41342.156,41452.215,41562.7,41673.684,41785.24,41897.45,42010.402,42124.176,42238.87,42354.574,42471.395,42589.438,42708.812,42829.652,42952.082,43076.246,43202.293,43330.4,43460.746,43593.527,43728.973,43867.324,44008.855,44153.88,44302.734,44455.816,44613.574,44776.523,44945.26,45120.492,45303.04,45493.9,45694.26,45905.6,46129.75,46369.043,46626.516,46906.223,47213.777,47557.27,47949.02,48409.277,48975.105,49727.277,50912.793,one,40680.61
2018-08-31T02:00:00.0,2018-08-29T12:00:00.0,30805.027,31898.137,32591.682,33113.406,33537.79,33899.008,34215.723,34499.305,34757.21,34994.617,35215.258,35421.938,35616.8,35801.547,35977.53,36145.848,36307.42,36463.008,36613.258,36758.72,36899.867,37037.12,37170.84,37301.34,37428.906,37553.797,37676.23,37796.414,37914.535,38030.758,38145.246,38258.133,38369.55,38479.625,38588.465,38696.18,38802.867,38908.617,39013.527,39117.67,39221.137,39324.0,39426.332,39528.203,39629.688,39730.848,39831.754,39932.47,40033.06,40133.582,40234.11,40334.695,40435.414,40536.316,40637.48,40738.965,40840.836,40943.168,41046.027,41149.496,41253.64,41358.547,41464.3,41570.99,41678.703,41787.543,41897.617,42009.035,42121.92,42236.406,42352.633,42470.754,42590.938,42713.37,42838.258,42965.83,43096.33,43230.047,43367.297,43508.45,43653.91,43804.16,43959.746,44121.316,44289.637,44465.617,44650.363,44845.23,45051.91,45272.55,45509.953,45767.86,46051.44,46368.16,46729.375,47153.76,47675.484,48369.027,49462.14,two,40795.37
2018-08-31T02:00:00.0,2018-08-30T12:00:00.0,30227.072,31411.832,32163.523,32728.992,33188.957,33580.46,33923.73,34231.09,34510.62,34767.93,35007.07,35231.08,35442.28,35642.516,35833.254,36015.684,36190.805,36359.434,36522.28,36679.938,36832.92,36981.684,37126.613,37268.055,37406.316,37541.676,37674.375,37804.637,37932.66,38058.63,38182.715,38305.066,38425.83,38545.13,38663.094,38779.84,38895.473,39010.09,39123.797,39236.67,39348.812,39460.3,39571.21,39681.625,39791.617,39901.26,40010.625,40119.785,40228.81,40337.76,40446.715,40555.74,40664.895,40774.26,40883.906,40993.9,41104.312,41215.223,41326.707,41438.848,41551.727,41665.43,41780.05,41895.684,42012.426,42130.395,42249.695,42370.457,42492.81,42616.89,42742.863,42870.887,43001.15,43133.848,43269.203,43407.47,43548.91,43693.84,43842.6,43995.586,44153.242,44316.086,44484.72,44659.84,44842.27,45033.008,45233.242,45444.445,45668.453,45907.594,46164.902,46444.434,46751.79,47095.062,47486.562,47946.53,48512.0,49263.69,50448.45,one,40795.37
2018-08-31T03:00:00.0,2018-08-29T12:00:00.0,31872.256,33014.47,33739.164,34284.33,34727.773,35105.22,35436.16,35732.48,36001.973,36250.04,36480.594,36696.555,36900.176,37093.22,37277.105,37452.99,37621.816,37784.39,37941.39,38093.387,38240.875,38384.293,38524.02,38660.383,38793.68,38924.176,39052.11,39177.695,39301.12,39422.566,39542.195,39660.152,39776.574,39891.594,40005.324,40117.875,40229.355,40339.86,40449.48,40558.305,40666.418,40773.9,40880.83,40987.273,41093.316,41199.023,41304.46,41409.703,41514.81,41619.848,41724.89,41829.996,41935.234,42040.676,42146.38,42252.42,42358.87,42465.8,42573.28,42681.395,42790.22,42899.84,43010.344,43121.82,43234.375,43348.105,43463.12,43579.547,43697.504,43817.133,43938.58,44062.004,44187.586,44315.52,44446.02,44579.316,44715.68,44855.402,44998.82,45146.312,45298.31,45455.305,45617.883,45786.71,45962.594,46146.477,46339.523,46543.14,46759.105,46989.656,47237.727,47507.22,47803.54,48134.48,48511.926,48955.37,49500.53,50225.23,51367.44,two,42683.734
2018-08-31T03:00:00.0,2018-08-30T12:00:00.0,31244.807,32426.367,33176.03,33739.973,34198.695,34589.14,34931.484,35238.016,35516.79,35773.402,36011.9,36235.3,36445.938,36645.63,36835.85,37017.793,37192.438,37360.613,37523.02,37680.25,37832.824,37981.184,38125.72,38266.78,38404.67,38539.664,38672.004,38801.914,38929.594,39055.223,39178.973,39300.992,39421.426,39540.406,39658.055,39774.484,39889.805,40004.117,40117.51,40230.086,40341.92,40453.105,40563.72,40673.836,40783.53,40892.88,41001.95,41110.812,41219.543,41328.2,41436.86,41545.59,41654.453,41763.523,41872.87,41982.566,42092.684,42203.293,42314.48,42426.316,42538.89,42652.285,42766.598,42881.914,42998.348,43115.992,43234.973,43355.41,43477.43,43601.18,43726.81,43854.49,43984.4,44116.74,44251.73,44389.62,44530.684,44675.22,44823.58,44976.15,45133.383,45295.79,45463.965,45638.61,45820.55,46010.77,46210.465,46421.1,46644.504,46882.996,47139.613,47418.387,47724.914,48067.26,48457.707,48916.43,49480.37,50230.035,51411.598,one,42683.734
2018-08-31T04:00:00.0,2018-08-29T12:00:00.0,32839.15,33985.72,34713.18,35260.42,35705.56,36084.44,36416.65,36714.098,36984.617,37233.633,37465.066,37681.85,37886.246,38080.027,38264.617,38441.168,38610.64,38773.836,38931.434,39084.008,39232.062,39376.027,39516.285,39653.168,39786.973,39917.97,40046.39,40172.453,40296.35,40418.258,40538.344,40656.75,40773.617,40889.074,41003.24,41116.223,41228.125,41339.05,41449.09,41558.33,41666.85,41774.746,41882.082,41988.938,42095.383,42201.492,42307.332,42412.973,42518.48,42623.92,42729.363,42834.87,42940.51,43046.35,43152.46,43258.91,43365.766,43473.1,43580.992,43689.516,43798.758,43908.793,44019.72,44131.625,44244.605,44358.77,44474.227,44591.094,44709.5,44829.586,44951.496,45075.39,45201.453,45329.875,45460.87,45594.676,45731.562,45871.816,46015.78,46163.836,46316.41,46474.008,46637.203,46806.676,46983.23,47167.816,47361.598,47565.992,47782.78,48014.21,48263.227,48533.746,48831.195,49163.402,49542.285,49987.42,50534.664,51262.125,52408.695,two,44622.016
2018-08-31T04:00:00.0,2018-08-30T12:00:00.0,32313.5,33466.094,34197.375,34747.492,35194.97,35575.844,35909.793,36208.81,36480.75,36731.07,36963.72,37181.645,37387.113,37581.914,37767.47,37944.95,38115.312,38279.367,38437.793,38591.168,38740.0,38884.723,39025.715,39163.316,39297.83,39429.51,39558.61,39685.332,39809.88,39932.43,40053.145,40172.176,40289.656,40405.72,40520.484,40634.06,40746.55,40858.06,40968.676,41078.49,41187.586,41296.043,41403.94,41511.36,41618.363,41725.03,41831.43,41937.625,42043.688,42149.684,42255.676,42361.74,42467.934,42574.332,42681.0,42788.004,42895.42,43003.32,43111.78,43220.875,43330.688,43441.305,43552.812,43665.305,43778.88,43893.645,44009.707,44127.19,44246.22,44366.934,44489.484,44614.03,44740.758,44869.85,45001.535,45136.047,45273.65,45414.64,45559.363,45708.195,45861.574,46019.996,46184.05,46354.414,46531.895,46717.45,46912.25,47117.72,47335.645,47568.293,47818.617,48090.555,48389.57,48723.52,49104.395,49551.87,50101.99,50833.27,51985.863,one,44622.016
2018-08-31T05:00:00.0,2018-08-29T12:00:00.0,34813.574,35955.4,36679.848,37224.824,37668.117,38045.434,38376.266,38672.484,38941.883,39189.867,39420.34,39636.23,39839.78,40032.758,40216.582,40392.402,40561.176,40723.695,40880.64,41032.582,41180.023,41323.395,41463.07,41599.387,41732.64,41863.094,41990.98,42116.523,42239.906,42361.312,42480.9,42598.816,42715.2,42830.18,42943.87,43056.383,43167.824,43278.29,43387.875,43496.66,43604.74,43712.184,43819.074,43925.49,44031.492,44137.164,44242.566,44347.77,44452.84,44557.844,44662.85,44767.92,44873.125,44978.527,45084.195,45190.203,45296.617,45403.508,45510.953,45619.027,45727.816,45837.4,45947.863,46059.305,46171.82,46285.51,46400.49,46516.875,46634.793,46754.38,46875.78,46999.168,47124.707,47252.598,47383.05,47516.305,47652.62,47792.297,47935.668,48083.105,48235.05,48391.996,48554.516,48723.285,48899.11,49082.93,49275.91,49479.46,49695.348,49925.824,50173.805,50443.207,50739.426,51070.258,51447.57,51890.867,52435.844,53160.293,54302.117,two,44984.684
2018-08-31T05:00:00.0,2018-08-30T12:00:00.0,35383.02,36431.812,37097.242,37597.816,38004.996,38351.566,38655.445,38927.53,39174.98,39402.76,39614.457,39812.758,39999.723,40176.98,40345.83,40507.324,40662.344,40811.625,40955.78,41095.344,41230.773,41362.46,41490.758,41615.97,41738.367,41858.19,41975.66,42090.973,42204.305,42315.82,42425.664,42533.973,42640.875,42746.484,42850.914,42954.26,43056.625,43158.09,43258.742,43358.668,43457.938,43556.63,43654.812,43752.555,43849.926,43946.984,44043.8,44140.434,44236.945,44333.395,44429.844,44526.355,44622.99,44719.8,44816.863,44914.23,45011.973,45110.156,45208.848,45308.12,45408.043,45508.7,45610.164,45712.527,45815.875,45920.3,46025.914,46132.816,46241.125,46350.97,46462.484,46575.812,46691.125,46808.598,46928.42,47050.816,47176.027,47304.324,47436.01,47571.44,47711.008,47855.164,48004.44,48159.465,48320.96,48489.81,48667.062,48854.03,49052.332,49264.027,49491.805,49739.258,50011.344,50315.22,50661.793,51068.973,51569.547,52234.973,53283.77,one,44984.684
2018-08-31T06:00:00.0,2018-08-29T12:00:00.0,38276.035,39364.117,40054.47,40573.797,40996.227,41355.78,41671.043,41953.32,42210.04,42446.348,42665.977,42871.703,43065.67,43249.57,43424.742,43592.285,43753.113,43907.984,44057.543,44202.336,44342.836,44479.457,44612.56,44742.46,44869.44,44993.754,45115.625,45235.258,45352.832,45468.523,45582.48,45694.848,45805.758,45915.324,46023.664,46130.883,46237.08,46342.344,46446.77,46550.438,46653.426,46755.812,46857.676,46959.08,47060.094,47160.79,47261.234,47361.484,47461.61,47561.67,47661.734,47761.86,47862.113,47962.555,48063.25,48164.27,48265.67,48367.53,48469.92,48572.91,48676.58,48781.0,48886.27,48992.465,49099.684,49208.023,49317.59,49428.496,49540.863,49654.82,49770.51,49888.09,50007.723,50129.59,50253.902,50380.887,50510.785,50643.887,50780.508,50921.01,51065.805,51215.36,51370.23,51531.06,51698.605,51873.777,52057.67,52251.64,52457.37,52676.996,52913.31,53170.027,53452.305,53767.562,54127.117,54549.55,55068.875,55759.227,56847.31,two,47899.387
2018-08-31T06:00:00.0,2018-08-30T12:00:00.0,39221.086,40287.668,40964.383,41473.445,41887.53,42239.98,42549.01,42825.71,43077.36,43309.0,43524.29,43725.95,43916.086,44096.35,44268.06,44432.297,44589.945,44741.758,44888.36,45030.29,45168.016,45301.938,45432.41,45559.742,45684.215,45806.074,45925.535,46042.8,46158.055,46271.46,46383.168,46493.316,46602.03,46709.434,46815.633,46920.73,47024.83,47128.016,47230.38,47331.996,47432.95,47533.316,47633.164,47732.562,47831.586,47930.293,48028.75,48127.02,48225.168,48323.254,48421.34,48519.484,48617.758,48716.215,48814.92,48913.94,49013.34,49113.188,49213.555,49314.508,49416.13,49518.49,49621.676,49725.773,49830.875,49937.074,50044.477,50153.19,50263.336,50375.043,50488.45,50603.703,50720.97,50840.434,50962.29,51086.76,51214.094,51344.566,51478.49,51616.215,51758.145,51904.746,52056.56,52214.21,52378.445,52550.156,52730.418,52920.555,53122.22,53337.504,53569.145,53820.793,54097.492,54406.523,54758.977,55173.06,55682.125,56358.836,57425.418,one,47899.387
2018-08-31T07:00:00.0,2018-08-29T12:00:00.0,45310.605,46119.58,46632.844,47018.953,47333.023,47600.348,47834.74,48044.605,48235.473,48411.168,48574.457,48727.41,48871.625,49008.348,49138.586,49263.152,49382.727,49497.87,49609.062,49716.715,49821.176,49922.75,50021.71,50118.29,50212.7,50305.12,50395.73,50484.676,50572.094,50658.105,50742.832,50826.375,50908.832,50990.293,51070.844,51150.56,51229.51,51307.777,51385.414,51462.492,51539.062,51615.184,51690.918,51766.31,51841.414,51916.28,51990.957,52065.492,52139.934,52214.33,52288.723,52363.168,52437.703,52512.38,52587.246,52662.348,52737.742,52813.473,52889.598,52966.168,53043.242,53120.883,53199.145,53278.1,53357.816,53438.363,53519.824,53602.28,53685.824,53770.55,53856.566,53943.984,54032.926,54123.535,54215.96,54310.367,54406.95,54505.906,54607.484,54711.945,54819.594,54930.79,55045.934,55165.504,55290.074,55420.31,55557.035,55701.246,55854.203,56017.492,56193.184,56384.05,56593.92,56828.312,57095.633,57409.707,57795.816,58309.082,59118.05,two,51670.504
2018-08-31T07:00:00.0,2018-08-30T12:00:00.0,44053.52,44988.273,45581.344,46027.49,46390.395,46699.28,46970.117,47212.617,47433.16,47636.17,47824.85,48001.586,48168.223,48326.207,48476.69,48620.63,48758.793,48891.84,49020.324,49144.71,49265.414,49382.785,49497.13,49608.727,49717.812,49824.61,49929.305,50032.08,50133.086,50232.477,50330.375,50426.91,50522.188,50616.312,50709.387,50801.496,50892.727,50983.16,51072.87,51161.93,51250.406,51338.367,51425.875,51512.99,51599.77,51686.277,51772.562,51858.688,51944.707,52030.668,52116.63,52202.65,52288.773,52375.06,52461.566,52548.348,52635.46,52722.97,52810.93,52899.406,52988.465,53078.176,53168.61,53259.84,53351.95,53445.023,53539.15,53634.426,53730.96,53828.86,53928.25,54029.258,54132.03,54236.727,54343.523,54452.61,54564.207,54678.55,54795.92,54916.625,55041.01,55169.496,55302.543,55440.707,55584.645,55735.13,55893.113,56059.75,56236.484,56425.164,56628.176,56848.72,57091.22,57362.055,57670.94,58033.848,58479.992,59073.062,60007.816,one,51670.504
2018-08-31T08:00:00.0,2018-08-29T12:00:00.0,44725.7,45738.918,46381.77,46865.363,47258.73,47593.547,47887.117,48149.973,48389.027,48609.08,48813.594,49005.168,49185.793,49357.035,49520.152,49676.17,49825.934,49970.15,50109.418,50244.246,50375.082,50502.3,50626.246,50747.21,50865.453,50981.215,51094.7,51206.098,51315.586,51423.316,51529.434,51634.07,51737.348,51839.375,51940.26,52040.1,52138.992,52237.016,52334.254,52430.79,52526.69,52622.035,52716.887,52811.316,52905.383,52999.15,53092.68,53186.035,53279.273,53372.45,53465.63,53558.863,53652.22,53745.75,53839.52,53933.582,54028.01,54122.863,54218.207,54314.11,54410.645,54507.883,54605.906,54704.797,54804.64,54905.523,55007.555,55110.83,55215.465,55321.582,55429.312,55538.8,55650.2,55763.688,55879.445,55997.69,56118.652,56242.598,56369.82,56500.652,56635.484,56774.75,56918.965,57068.727,57224.746,57387.863,57559.11,57739.73,57931.305,58135.82,58355.87,58594.93,58857.785,59151.35,59486.168,59879.535,60363.13,61005.984,62019.2,two,55411.938
2018-08-31T08:00:00.0,2018-08-30T12:00:00.0,50643.7,51005.074,51234.35,51406.832,51547.13,51666.543,51771.246,51864.996,51950.258,52028.742,52101.684,52170.01,52234.434,52295.508,52353.688,52409.332,52462.746,52514.18,52563.85,52611.94,52658.605,52703.977,52748.184,52791.33,52833.5,52874.785,52915.26,52954.996,52994.043,53032.47,53070.316,53107.633,53144.47,53180.86,53216.84,53252.45,53287.72,53322.68,53357.363,53391.793,53425.996,53460.0,53493.832,53527.508,53561.06,53594.504,53627.86,53661.156,53694.41,53727.645,53760.875,53794.13,53827.426,53860.785,53894.227,53927.777,53961.457,53995.285,54029.29,54063.496,54097.926,54132.605,54167.566,54202.836,54238.445,54274.43,54310.816,54347.652,54384.973,54422.82,54461.242,54500.293,54540.023,54580.5,54621.785,54663.96,54707.1,54751.31,54796.684,54843.348,54891.434,54941.105,54992.543,55045.957,55101.6,55159.777,55220.855,55285.273,55353.6,55426.543,55505.027,55590.29,55684.04,55788.742,55908.16,56048.457,56220.934,56450.215,56811.586,one,55411.938
2018-08-31T09:00:00.0,2018-08-29T12:00:00.0,50519.26,51364.492,51900.766,52304.184,52632.33,52911.637,53156.53,53375.81,53575.23,53758.797,53929.406,54089.22,54239.895,54382.746,54518.82,54648.973,54773.906,54894.21,55010.387,55122.863,55232.004,55338.133,55441.527,55542.438,55641.08,55737.645,55832.316,55925.246,56016.582,56106.45,56194.973,56282.26,56368.414,56453.527,56537.688,56620.977,56703.47,56785.242,56866.36,56946.887,57026.89,57106.426,57185.555,57264.324,57342.797,57421.016,57499.043,57576.918,57654.695,57732.426,57810.156,57887.934,57965.812,58043.836,58122.055,58200.527,58279.297,58358.426,58437.96,58517.965,58598.492,58679.613,58761.383,58843.88,58927.164,59011.324,59096.438,59182.59,59269.88,59358.402,59448.273,59539.605,59632.54,59727.207,59823.773,59922.414,60023.324,60126.72,60232.848,60341.99,60454.465,60570.64,60690.945,60815.88,60946.03,61082.105,61224.957,61375.637,61535.445,61706.055,61889.62,62089.043,62308.32,62553.215,62832.523,63160.67,63564.086,64100.36,64945.59,two,58897.89
2018-08-31T09:00:00.0,2018-08-30T12:00:00.0,58672.227,58808.902,58895.617,58960.848,59013.91,59059.074,59098.676,59134.133,59166.38,59196.062,59223.65,59249.492,59273.855,59296.953,59318.957,59340.004,59360.207,59379.66,59398.445,59416.633,59434.28,59451.44,59468.16,59484.477,59500.43,59516.043,59531.35,59546.38,59561.15,59575.68,59589.992,59604.11,59618.04,59631.8,59645.41,59658.88,59672.22,59685.44,59698.56,59711.58,59724.516,59737.375,59750.17,59762.91,59775.598,59788.246,59800.863,59813.457,59826.03,59838.6,59851.17,59863.746,59876.34,59888.957,59901.605,59914.293,59927.03,59939.824,59952.688,59965.625,59978.645,59991.76,60004.984,60018.324,60031.793,60045.4,60059.164,60073.094,60087.207,60101.523,60116.055,60130.824,60145.85,60161.16,60176.773,60192.723,60209.04,60225.76,60242.92,60260.57,60278.758,60297.543,60316.996,60337.2,60358.242,60380.246,60403.348,60427.71,60453.55,60481.14,60510.824,60543.07,60578.527,60618.125,60663.29,60716.35,60781.586,60868.3,61004.977,one,58897.89
2018-08-31T10:00:00.0,2018-08-29T12:00:00.0,54277.89,54989.7,55441.324,55781.06,56057.41,56292.63,56498.867,56683.53,56851.477,57006.066,57149.746,57284.33,57411.223,57531.527,57646.12,57755.727,57860.94,57962.254,58060.094,58154.816,58246.73,58336.105,58423.18,58508.16,58591.23,58672.555,58752.28,58830.543,58907.46,58983.145,59057.695,59131.203,59203.758,59275.438,59346.312,59416.453,59485.926,59554.79,59623.1,59690.92,59758.297,59825.277,59891.914,59958.25,60024.336,60090.207,60155.918,60221.5,60287.004,60352.46,60417.92,60483.42,60549.008,60614.715,60680.59,60746.67,60813.01,60879.65,60946.63,61014.004,61081.82,61150.137,61219.0,61288.473,61358.613,61429.49,61501.164,61573.72,61647.23,61721.78,61797.465,61874.383,61952.645,62032.37,62113.695,62196.76,62281.742,62368.816,62458.195,62550.11,62644.832,62742.668,62843.984,62949.195,63058.805,63173.4,63293.703,63420.594,63555.18,63698.855,63853.45,64021.395,64206.055,64412.297,64647.51,64923.863,65263.6,65715.23,66427.04,two,62320.426
2018-08-31T10:00:00.0,2018-08-30T12:00:00.0,59604.93,59847.773,60001.85,60117.758,60212.04,60292.29,60362.65,60425.65,60482.945,60535.688,60584.707,60630.62,60673.914,60714.957,60754.05,60791.445,60827.34,60861.906,60895.285,60927.6,60958.957,60989.45,61019.156,61048.15,61076.492,61104.234,61131.434,61158.137,61184.38,61210.2,61235.633,61260.71,61285.465,61309.918,61334.098,61358.027,61381.73,61405.223,61428.527,61451.668,61474.652,61497.504,61520.24,61542.87,61565.414,61587.89,61610.31,61632.684,61655.027,61677.36,61699.695,61722.04,61744.414,61766.832,61789.31,61811.85,61834.484,61857.22,61880.07,61903.055,61926.19,61949.5,61972.992,61996.695,62020.625,62044.805,62069.258,62094.01,62119.09,62144.523,62170.344,62196.586,62223.29,62250.49,62278.23,62306.574,62335.566,62365.27,62395.76,62427.12,62459.438,62492.816,62527.383,62563.277,62600.67,62639.766,62680.81,62724.1,62770.016,62819.035,62871.777,62929.074,62992.074,63062.434,63142.684,63236.965,63352.87,63506.95,63749.793,one,62320.426
2018-08-31T11:00:00.0,2018-08-29T12:00:00.0,51773.992,52779.414,53417.324,53897.2,54287.54,54619.78,54911.09,55171.926,55409.14,55627.5,55830.445,56020.543,56199.777,56369.703,56531.57,56686.387,56834.996,56978.1,57116.3,57250.094,57379.918,57506.164,57629.152,57749.188,57866.52,57981.39,58094.004,58204.547,58313.19,58420.094,58525.395,58629.227,58731.707,58832.95,58933.062,59032.133,59130.26,59227.53,59324.023,59419.816,59514.98,59609.594,59703.715,59797.414,59890.758,59983.805,60076.617,60169.254,60261.773,60354.234,60446.695,60539.215,60631.85,60724.664,60817.71,60911.05,61004.754,61098.875,61193.484,61288.652,61384.44,61480.934,61578.203,61676.332,61775.406,61875.516,61976.76,62079.242,62183.074,62288.375,62395.277,62503.92,62614.465,62727.08,62841.945,62959.28,63079.312,63202.305,63328.547,63458.375,63592.168,63730.363,63873.473,64022.082,64176.9,64338.76,64508.69,64687.926,64878.023,65080.965,65299.324,65536.55,65797.375,66088.69,66420.93,66811.27,67291.14,67929.055,68934.48,two,65254.99
2018-08-31T11:00:00.0,2018-08-30T12:00:00.0,53453.12,54505.137,55172.605,55674.715,56083.145,56430.78,56735.59,57008.51,57256.72,57485.2,57697.543,57896.453,58083.992,58261.793,58431.156,58593.15,58748.645,58898.383,59042.984,59182.977,59318.82,59450.914,59579.6,59705.2,59827.97,59948.16,60065.992,60181.656,60295.336,60407.19,60517.375,60626.016,60733.246,60839.184,60943.93,61047.594,61150.27,61252.047,61353.01,61453.242,61552.816,61651.812,61750.297,61848.34,61946.008,62043.363,62140.477,62237.406,62334.21,62430.957,62527.703,62624.51,62721.44,62818.55,62915.91,63013.58,63111.62,63210.105,63309.098,63408.676,63508.906,63609.867,63711.645,63814.32,63917.984,64022.734,64128.67,64235.9,64344.543,64454.723,64566.58,64680.258,64795.926,64913.754,65033.95,65156.72,65282.312,65411.004,65543.09,65678.94,65818.93,65963.53,66113.27,66268.766,66430.76,66600.125,66777.92,66965.46,67164.375,67376.72,67605.195,67853.41,68126.33,68431.13,68778.77,69187.2,69689.31,70356.78,71408.8,one,65254.99
2018-08-31T12:00:00.0,2018-08-29T12:00:00.0,53150.375,54231.332,54917.168,55433.094,55852.758,56209.96,56523.156,56803.586,57058.625,57293.39,57511.58,57715.96,57908.66,58091.35,58265.375,58431.824,58591.6,58745.457,58894.035,59037.88,59177.46,59313.188,59445.42,59574.473,59700.62,59824.12,59945.19,60064.04,60180.848,60295.78,60408.992,60520.625,60630.805,60739.656,60847.285,60953.805,61059.305,61163.883,61267.62,61370.613,61472.926,61574.645,61675.84,61776.58,61876.934,61976.973,62076.754,62176.35,62275.82,62375.23,62474.637,62574.105,62673.703,62773.49,62873.523,62973.88,63074.62,63175.812,63277.53,63379.848,63482.836,63586.58,63691.152,63796.656,63903.17,64010.8,64119.652,64229.832,64341.465,64454.676,64569.61,64686.418,64805.266,64926.34,65049.836,65175.99,65305.04,65437.27,65573.0,65712.58,65856.42,66005.0,66158.86,66318.63,66485.08,66659.11,66841.8,67034.5,67238.88,67457.07,67691.836,67946.875,68227.305,68540.5,68897.7,69317.37,69833.29,70519.125,71600.086,two,67140.97
2018-08-31T12:00:00.0,2018-08-30T12:00:00.0,52561.63,53741.13,54489.484,55052.445,55510.367,55900.133,56241.883,56547.875,56826.168,57082.332,57320.414,57543.426,57753.69,57953.04,58142.93,58324.55,58498.895,58666.777,58828.9,58985.855,59138.164,59286.26,59430.55,59571.363,59709.016,59843.773,59975.883,60105.566,60233.02,60358.434,60481.965,60603.773,60724.0,60842.77,60960.215,61076.44,61191.56,61305.67,61418.87,61531.246,61642.89,61753.88,61864.3,61974.223,62083.727,62192.883,62301.766,62410.44,62518.98,62627.45,62735.918,62844.457,62953.133,63062.01,63171.17,63280.676,63390.598,63501.016,63612.008,63723.652,63836.027,63949.227,64063.336,64178.457,64294.684,64412.125,64530.9,64651.125,64772.934,64896.465,65021.875,65149.332,65279.016,65411.125,65545.88,65683.53,65824.35,65968.63,66116.734,66269.04,66426.0,66588.125,66756.01,66930.34,67111.97,67301.86,67501.2,67711.47,67934.484,68172.56,68428.734,68707.02,69013.016,69354.766,69744.53,70202.45,70765.414,71513.766,72693.27,one,67140.97
2018-08-31T13:00:00.0,2018-08-29T12:00:00.0,54610.195,55752.242,56476.832,57021.914,57465.297,57842.684,58173.58,58469.855,58739.31,58987.34,59217.86,59433.79,59637.38,59830.395,60014.254,60190.11,60358.914,60521.465,60678.44,60830.414,60977.883,61121.28,61260.984,61397.33,61530.605,61661.086,61789.0,61914.562,62037.973,62159.4,62279.01,62396.95,62513.36,62628.36,62742.07,62854.61,62966.07,63076.56,63186.16,63294.97,63403.066,63510.535,63617.445,63723.88,63829.906,63935.598,64041.02,64146.242,64251.336,64356.36,64461.387,64566.477,64671.7,64777.125,64882.816,64988.84,65095.273,65202.188,65309.652,65417.75,65526.56,65636.164,65746.65,65858.11,65970.65,66084.36,66199.36,66315.77,66433.71,66553.32,66674.75,66798.16,66923.72,67051.63,67182.12,67315.39,67451.734,67591.44,67734.836,67882.305,68034.28,68191.26,68353.805,68522.61,68698.47,68882.33,69075.34,69278.93,69494.86,69725.38,69973.414,70242.87,70539.14,70870.04,71247.42,71690.805,72235.89,72960.48,74102.52,two,68167.47
2018-08-31T13:00:00.0,2018-08-30T12:00:00.0,54053.19,55236.094,55986.605,56551.184,57010.426,57401.316,57744.047,58050.92,58330.016,58586.918,58825.684,59049.34,59260.21,59460.133,59650.57,59832.715,60007.56,60175.926,60338.516,60495.926,60648.668,60797.195,60941.9,61083.117,61221.164,61356.31,61488.8,61618.855,61746.68,61872.453,61996.34,62118.5,62239.07,62358.188,62475.97,62592.53,62707.98,62822.418,62935.945,63048.645,63160.61,63271.918,63382.656,63492.9,63602.715,63712.188,63821.383,63930.37,64039.223,64148.004,64256.785,64365.637,64474.625,64583.82,64693.29,64803.11,64913.35,65024.09,65135.4,65247.363,65360.062,65473.59,65588.03,65703.48,65820.04,65937.82,66056.94,66177.51,66299.664,66423.555,66549.33,66677.15,66807.2,66939.695,67074.84,67212.89,67354.11,67498.81,67647.336,67800.086,67957.49,68120.086,68288.45,68463.3,68645.44,68835.875,69035.8,69246.67,69470.33,69709.086,69965.99,70245.086,70551.96,70894.695,71285.58,71744.82,72309.41,73059.914,74242.81,one,68167.47
